SampleID	Dysbiosis_score
EGAR00001420174_9002000001209357	0.2535131566191515
MH0332	0.4565609318170319
f903ea8a-7ae6-11e9-a106-68b59976a384	0.3997540198606556
YEZ_N-9	0.5545276806248594
M0x20MCx3386	0.4264525790548557
EGAR00001420547_9002000001363357	0.3496465664106612
M0x30MCx1930	0.3047129494937178
P15E7	0.5849709196539759
PSM7J13Q	0.23037895488543833
SAMD00114774	0.330403485440842
MSM6J2SI	0.22910618054280196
SID8e5ff714-7ae6-11e9-a106-68b59976a384	0.3611008266440328
MSM79H9G	0.3663231093314178
N2_066_064G1	0.16170863321515166
M0x30MCx2349	0.46368499972178656
SAMEA104142286	0.43423216843317847
AS17raw	0.47133738962664057
SAMD00164750	0.2821741744061364
SID5438-3	0.4385017522507347
CM.177_WGS	0.4657350386662089
ee67b548-7ae6-11e9-a106-68b59976a384	0.4477502342254632
e7209d72-7ae6-11e9-a106-68b59976a384	0.4135983555047164
AS53_0	0.4946296287283594
SID20069333_SF07	0.4784445211638435
C16-20437-TZ	0.34016906950417725
PNP_Main_767	0.40937680439571267
G89113	0.49634685681048846
SID181_12M	0.4030863615112546
SAMEA104335948	0.20432808480718379
SID30095454_SF05	0.2514583621737002
SID72164642_SF05	0.5672634418984681
G80579	0.3011517220667403
M0x20MCx1729	0.388184770347935
C16-20558-TZ	0.43632998330105655
EGAR00001420939_9002000001463497	0.42317495403032407
PNP_Main_60	0.3752313189394364
EGAR00001763512_1000IBD00281	0.29486818270634285
M0x30MCx1425	0.24125472929484487
SAMEA7045928	0.3199251768220316
SID70510290_SF07	0.442796388580673
EGAR00001420616_9002000001385120	0.45183973511840736
V1_UC31_4	0.33071706188374134
SAMEA7045518	0.17373094714888868
SID07C_541	0.30972691476561837
SID17675569_SF06	0.5152605829171911
SID12516553_SF06	0.4077162984984541
HSM7CYXG	0.3751218463008179
MSM79HDM	0.4866807610114414
DHAK_HAB	0.5406238549805382
SAMD00165012	0.36498345513891967
SID0008_kcu	0.4562945320050421
SID040303	0.4173368561217797
SAMD00114956	0.28464834653930027
G104648	0.1959892103273352
M0x14MCx2789	0.24461183775863587
SID93a4ac9c-7ae6-11e9-a106-68b59976a384	0.09501230961730424
SAMEA7045616	0.4160346783922922
PNP_Main_158	0.5254340782831778
SID713B003-11-90-0	0.49232090635275927
Ahn.Mel32	0.1472802270450811
G88837	0.4112683502785683
G78523	0.48315002199135204
G80611	0.5165588266728947
frank_P58	0.3123187774685297
MSM79H9A	0.5026351327935948
PNP_Main_618	0.3409387477716045
HSM7CYY5	0.34898102453757507
SRS019267	0.3162336878012971
PSM7J163	0.22546736567016282
M0x20MCx1239	0.34137076061693333
MMRS95277876ST-27-0-0	0.4437334894072226
M0x10MCx1992	0.28843000804583696
S2_017_020G1	0.14147886411165217
YSZC12003_37296R1	0.38296679523934424
SID10_4M	0.3274665816363393
LD-Run1-06	0.45812422636407263
M0x12MCx2100	0.49735711576583147
CA_C10032IS2555FE_t3M15	0.24284334916873418
S264	0.4827089908236719
SAMEA7045406	0.29267310401475427
SID9677adac-7ae6-11e9-a106-68b59976a384	0.26917089124998894
EGAR00001763682_1000IBD00663	0.5707462840062963
M0x10MCx2037	0.3485946658879499
SAMD00165028	0.5316493407419541
SAMEA7045175	0.288554938832642
SID5411-3	0.37513768256999525
G88741	0.37464892260196664
SID15487950_SF05	0.38800236888613504
PNP_Main_462	0.48307516628550096
M0x11MCx1994	0.286427314292339
c103b692-7ae6-11e9-a106-68b59976a384	0.24877999480853802
G78664	0.347450349151357
CCIS56503244ST-3-0	0.4275289079104857
SID19745900_SF08	0.3788499425997423
SID911f90b8-7ae6-11e9-a106-68b59976a384	0.4610114330865089
PNP_Main_603	0.43783176490868136
LILT_VF10_T016	0.40945945561239383
S2_017_009G1	0.13663832165811163
PRIMM0426	0.4398704407619553
PSM7J1C2_P	0.25441442605776615
SID6515b0b0-7ae6-11e9-a106-68b59976a384	0.26258260497594266
G78833	0.44133303833445825
SID272_B	0.26259494061705674
PNP_Main_297	0.40569432733381106
G88850	0.512755742537536
SIDVOV35_metag	0.32654868295840495
MH0217	0.423181596891031
M0x30MCx3279	0.18485297499785727
MH0423	0.5428030988497955
EGAR00001420805_9002000001432202	0.5566521726257923
YSZC12003_36703	0.49988737115785503
CA_C10019IS2329FE_t4M15	0.11875415378676536
donald5-11-30-0	0.44137248838466053
MG100166	0.5851903434051463
SAMEA7045410	0.2978522465686703
M0x30MCx1957	0.40664303272649643
M0x30MCx2241	0.30350434993667946
SID7197b6ee-7ae6-11e9-a106-68b59976a384	0.2638400826902739
e9ea4cd8-7ae6-11e9-a106-68b59976a384	0.3117459482452287
CCIS65479369ST-4-0	0.37855864208079465
G102325	0.08430147845782959
YSZC12003_35635	0.5780725317461548
SID19272639_SF07	0.24907439942220147
N2_035_032G1	0.2240720957527675
M0x20MCx1776	0.5049197506061421
EGAR00001421058_9002000001504221	0.46471266838522146
ESM7F5CF	0.3511981359811395
d16bd938-7ae6-11e9-a106-68b59976a384	0.1445012898169314
SAMEA7045138	0.38024720512376087
M0x20MCx1756	0.32874194122345723
N2_061_025G1	0.0833541291909254
M0x11MCx1159	0.3137296753635994
CCMD95676152ST-11-0	0.2735547137796087
HSMA33P6	0.41540931611938015
SID7e2ed00e-7ae6-11e9-a106-68b59976a384	0.22396593622616962
MSM9VZPH	0.46309718848108056
SAMEA7045863	0.17713912126181597
SID957bda7c-7ae6-11e9-a106-68b59976a384	0.16891274373781578
G78598	0.3839831905206764
SID0012_qdz	0.4015351265910063
M0x30MCx1919	0.30121212129179203
f246a020-7ae6-11e9-a106-68b59976a384	0.3570086825416141
EGAR00001763519_1000IBD00301	0.35831885804208485
SID591_B	0.46796706345482153
wHAXPI033810-24	0.4039700179132403
HSM7CYZJ	0.7128878140227903
SID70615435_SF07	0.41604618372488544
be8023f6-7ae6-11e9-a106-68b59976a384	0.4066356479695322
CON-029	0.4535803909583166
CON-074	0.4629453257762657
CA_C10026IS2451FE_t3M15	0.3502094932028379
SAMD00115064	0.27133687410034557
FMT_39_t90	0.428188748498321
CM.382_WGS	0.4736953041087699
PNP_Main_29	0.34730361944288235
SAMD00164861	0.36117960623676815
SID11242817_SF07	0.6680890928515647
PNP_Validation_65	0.5017983976068998
SAMEA104335951	0.499359311700549
G80420	0.5034394926217183
SAMEA104142350	0.4504384023848266
MMRS34525504ST-27-0-0	0.4802798067595438
M0x30MCx1335	0.3153430615675768
NOM017	0.5719894968103744
M0x11MCx3181	0.4470508979280203
M0x11MCx1923	0.2529900453149278
M0x30MCx1139	0.32339976146435806
G89114	0.35300871235804604
EGAR00001421096_9002000001524190	0.3768330886090455
SM02	0.4310483897563242
G104711	0.5059911899809041
MSM6J2IE	0.44906772591070954
G102304	0.39639969533814373
CA_C10026IS2449FE_t2M15	0.24971511837061314
EGAR00001420584_9002000001376829	0.343468310362903
SAMD00114771	0.5075806604943012
EGAR00001420633_9002000001390280	0.4659346340774658
CSM5MCXV	0.4095365328677846
SAMD00114779	0.511664834493487
MSMA267V	0.3316177262521541
SRR3993060	0.4042945955680124
P8C0	0.5011124699780755
SRS015663	0.4189886120423542
SID72164642_SF08	0.4779584221255959
G78551	0.48417603981010243
O2_UC55_2	0.4354225352175615
M0x20MCx3217	0.34166379210985603
PNP_Main_577	0.3585092148729169
FAT_015-22-0-0	0.4263157750782337
SAMEA7045092	0.29663692799462843
EGAR00001420614_9002000001384850	0.39254227928782415
MH0061	0.3931391163875675
HSM67VE4	0.35459288181957194
HMP2_J00857_M_ST_T0_B0_0120_ZKVR426-02_HA986ADXX	0.2643594755184788
SID50694555_SF08	0.36443883045867825
MM059.2	0.2144013393054533
GupDM_HAK	0.44226767469909645
SID05A_000	0.17796866092102684
EGAR00001421024_9002000001488899	0.5291486974229173
G88770	0.4529463457921695
SID80112a20-7ae6-11e9-a106-68b59976a384	0.154104317486271
CSM67UAG	0.2728908437973796
M0x11MCx2880	0.23985801559436407
df980388-7ae6-11e9-a106-68b59976a384	0.46918048544241997
S2_011_013G1	0.27534111113904625
bd2d8cc8-7ae6-11e9-a106-68b59976a384	0.0978837874643719
M0x10MCx2714	0.30597374361892615
HCO11	0.20343999205214952
p8855_mo10	0.3690178093066639
CA19	0.5635596846310807
SAMD00164885	0.2589625697154975
G102206	0.34129585546916696
MMRS55294627ST-27-0-0	0.3092647764569707
SAMD00114924	0.39708366302574766
SID02B_552	0.3345867944386336
HMP2_J35165_M_ST_T0_B0_0120_ZMBH10Z-04_HBB8WADXX	0.4011120181826143
M0x10MCx2599	0.4175345854183458
wHAXPI032790-19	0.4857009380959304
O2_UC41_0	0.5593508632340505
M0x10MCx1465	0.339541533365119
SID367_B	0.3841779589455974
AS44_18	0.3720777238854472
SAMEA2055284	0.3434214289919711
PNP_Main_262	0.4600637824305977
SAMEA7045496	0.2944904753947092
ee9b2c2a-7ae6-11e9-a106-68b59976a384	0.2472942766546216
NCS-042-Stool-infant_microbiome	0.44554667849573737
CCMD49461418ST-11-0	0.5128462501512009
IT3	0.40205908254096495
AS53_18	0.4052313897638339
SAMD00114840	0.34284349513781726
M0x10MCx2550	0.4142197482251573
SAMEA7045309	0.21871201284589858
MMRS39582183ST-27-0-0	0.5875478946426068
FMT_06_t7	0.30947198930977704
AS43_18	0.3336151363653784
PNP_Main_706	0.5634448432324067
ba42de82-7ae6-11e9-a106-68b59976a384	0.18252105952401906
M0x20MCx1470	0.25842962162228356
SID503_B	0.36364881316925013
EGAR00001420500_9002000001349429	0.4126167106373312
LD-20	0.2583714332379619
CON-066	0.7091420654852467
CM.129_WGS	0.5179560665080991
S2_001_014G1	0.08155081189816774
EGAR00001763436_1000IBD00122	0.37478368303127235
SID10.TO.V.1	0.4233489971480786
CCIS07277498ST-4-0	0.5829619135879244
LD-98	0.49414668416653323
M0x10MCx1880	0.35039997856644367
S2_006_018G1	0.1492406319053585
PSM7J15Q	0.2304980172436478
SAMEA104142438	0.40920258771372287
H3M615747	0.3677463354832863
M0x12MCx1368	0.3966909155615187
p8600_mo4	0.37271827090234166
N2_038_020G1	0.17900724637842028
BCN-07_1	0.3127535086630008
EGAR00001420508_9002000001351641	0.518949433841795
SID5433-3	0.332691793334333
d9adf07c-7ae6-11e9-a106-68b59976a384	0.09864912020126548
CSM79HIX	0.35935728543472373
cdc2d71e-7ae6-11e9-a106-68b59976a384	0.13044996253187208
YSZC12003_37461	0.42068151675745813
PNP_Main_124	0.5212071012745528
YSZC12003_37101	0.4096705824929225
SID8d753f3a-7ae6-11e9-a106-68b59976a384	0.2203230313987936
SID11971292_SF06	0.3413206814293552
YSZC12003_37299R1	0.6286272909476266
U_VS-1226-705	0.22883473866839651
db9af7f4-7ae6-11e9-a106-68b59976a384	0.16085421893154944
M0x12MCx3157	0.16922375165578918
SAMEA104142104	0.35534690535795366
SRS019397	0.33123435203015417
SAMEA7041266	0.33012089417286516
M0x20MCx1191	0.33368578077354116
EGAR00001420364_9002000001281313	0.5243256746651281
PNP_Main_712	0.4467788711950688
SAMEA7045134	0.26719963684249476
wHAXPI032792-22	0.3667917942221423
SAMD00164839	0.47622309047088607
MSM79H6F	0.40215372763024876
HSM7CYZ9	0.44357094149538595
MH0326	0.4981240893212917
C16-20153-TZ	0.5476394576054175
G78581	0.4675718375422117
AS74raw	0.515154183615383
M0x14MCx1209	0.5228018232310051
DOM010	0.22435341317778698
S2_018_010G1	0.05952527648294674
EGAR00001420541_9002000001361192	0.2891317958361127
SAMD00114991	0.5325775852524121
CSM79HGR_P	0.4341690984836429
SAMEA7041239	0.2609462290534869
dad1c1f4-7ae6-11e9-a106-68b59976a384	0.21350537086465957
EGAR00001420330_9002000001270534	0.46536384791790425
MH0052	0.3611208264223025
d7110390-7ae6-11e9-a106-68b59976a384	0.2315388467390781
YSZC12003_37323	0.5542937831045127
CCIS50148151ST-4-0	0.14322998074513538
CSM79HQ9	0.2650473430824025
CCIS51595129ST-4-0	0.48705467000866665
G80517	0.2696872513728414
M0x20MCx2087	0.07338112777311831
G89006	0.31643399687654145
G69184	0.2932915308859334
PNP_Main_219	0.5353593121782321
CM_D05_M0_18	0.3986107113109774
PSM7J12Z	0.6342453050041107
Travel086	0.3830136445079377
SID70005253_SF07	0.40477401251956413
SID8fa9fe12-7ae6-11e9-a106-68b59976a384	0.23849556707294645
YEZ_N-19	0.3775873846167532
EGAR00001763466_1000IBD00187	0.16201070001479406
MM050.2	0.16747167833796583
frank_P34	0.37005682925277217
HSM7CZ24	0.34935480266486457
SAMD00164879	0.4191512182412002
SID5453-1	0.43159320071343427
AS61_12	0.5321183244207933
SAMEA7045510	0.3043232912910595
SID184_4M	0.4468454984664737
SRR3993011	0.5513576874991024
G69190	0.2848957727047165
SID5441-1	0.3001004256821492
HSM5MD6A	0.49092679046410237
MH0162	0.4383618848100935
NOM016	0.5793919705334127
FMT_16_t0	0.31222846527784515
SID90c9be90-7ae6-11e9-a106-68b59976a384	0.16843297221936637
EGAR00001421070_9002000001509470	0.5035647497278496
MH0117	0.266109316962934
N2_088_013G1	0.1947326413064172
M1.22.ST	0.2570502623182829
SAMEA104142362	0.4154834416227426
M1.52.ST	0.4718897330969129
SID16020939_SF07	0.46306653956855315
PNP_Main_420	0.38588437933110115
wHAXPI032803-36	0.5066086210048845
SID640_4M	0.34910429381109204
EGAR00001420545_9002000001362020	0.4635931903336956
N2_035_046G1	0.23471006137197828
HMP2_J15244_M_ST_T0_B0_0120_ZVM4N7A-02_GES15-03639	0.34434957359459967
SAMD00164820	0.20987739173739733
HJKJ2ADXX_PG0783_19A0305_H1_L001	0.546776601516194
S2_012_017G1	0.16246994512449217
M0x10MCx2014	0.25421897898057805
PNP_Main_482	0.5081966140873025
SAMD00164939	0.589719874695035
S2_009_005G1	0.28495169967369866
PSMA263S	0.47783566121029586
O2.UC38-1	0.33810144453380064
e321cfa2-7ae6-11e9-a106-68b59976a384	0.43530825844373955
MMRS36405092ST-27-0-0	0.5001638613051697
M0x10MCx2864	0.26561484777145383
SAMD00165025	0.45862754683738777
MSMA26DG	0.47869427924506947
H2M514108	0.3394240998180917
EGAR00001773298_1000IBD00098	0.2605094474666772
M2.58.ST	0.5194947416949323
SAMEA7045632	0.24442765904840452
V2_C118	0.2074233632751611
LD-67	0.5299293320265492
LD-9	0.3411701126087939
SKST032_3_G102989	0.42137038822814726
Travel025	0.5108300202172442
SID11925792_SF05	0.43024221251309475
SID263_M	0.5636653389993403
MH0163	0.38508299059180645
SRS024435	0.6697531393910747
HD-43	0.6501721298276378
M0x20MCx2685	0.3257680867169594
EGAR00001420538_9002000001360382LL	0.34773199537405136
M0x10MCx1499	0.27674098895908195
G69231	0.34621608329926296
MM046.2	0.27474793306147527
TRAVELRES21	0.5850605571676655
SAMEA4719785	0.41977690761674497
CA_C10032IS2559FE_t5M16	0.18177858694537102
SRS014979	0.39600196395574633
M0x30MCx2690	0.2698693743088203
HSM6XRQC_P	0.3555072170520571
MH0397	0.34751132648557537
SAMEA7045798	0.257060696789103
MSM6J2HF	0.31582592630225437
SID06.PR.VG_metag	0.3833774874034783
SAMEA7045070	0.3232881310053969
HSM7CZ32	0.5171725426694598
SAM_27	0.3941195345007245
CON-108	0.5964708773093282
e6e4a092-7ae6-11e9-a106-68b59976a384	0.3376058913683212
a56dbb12-7ae6-11e9-a106-68b59976a384	0.3976832698512732
e875ef9c-7ae6-11e9-a106-68b59976a384	0.21142365730703594
CA_C10019IS2321FE_t2M15	0.20927730383437768
G80449	0.46426376610247094
SID8e9fbf2a-7ae6-11e9-a106-68b59976a384	0.370307267214607
ac23ee72-7ae6-11e9-a106-68b59976a384	0.38564302327380723
wHAXPI032619-29	0.5544954890462562
Travel038	0.2761294582673245
SAMEA104142233	0.5276897671064523
MSM9VZEO	0.49956074508410636
EGAR00001420443_9002000001327299	0.4203584575780936
c3e63c9a-7ae6-11e9-a106-68b59976a384	0.28653789954996406
CM_D21_M0_18	0.4639020271824316
EGAR00001763526_1000IBD00313	0.5421840401057089
SAMEA7045543	0.3978003289403844
SID385_M	0.2890701976370364
SRS015578	0.5179834508919141
M0x20MCx3402	0.5040234856790011
peacemaker-11-60-0	0.4815450862611575
PRIMM0357	0.2896104639129373
FMT_01_t0	0.28035762860863206
T2D-096	0.39231433866666365
CON-031	0.4334292676986622
HSM7J4OT	0.30094156391235494
NCS-077-Stool-maternal1_microbiome	0.3995902881921386
SAMEA7045794	0.27343221246209043
SAMEA7045837	0.3022979393771363
S2_012_015G1	0.19366448789304352
MM103.1	0.19442461108944661
NCS-049-Stool-maternal3_microbiome	0.2911323115632869
SID7f463d1a-7ae6-11e9-a106-68b59976a384	0.3197782563485911
CON-038	0.7088420881388441
SID1022_aav	0.5178129453851434
M0x10MCx1362	0.17491015964567935
MM036	0.365416864217346
G88941	0.48821902919555044
SAMEA7045941	0.28817533774436754
SAMEA7045202	0.10498938000625772
SID02C_553	0.20043362710728377
HSM6XRVW	0.4171427122769542
wHAXPI032663-45	0.6198410227828777
G78893	0.27531667117776093
EGAR00001763683_1000IBD00666	0.477823968446275
ESS-0088	0.2976514499565866
V1.UC64-0	0.5547668831674925
YSZC12003_37135	0.33739240995579123
EGAR00001763600_1000IBD00492	0.5046303696669819
M0x20MCx1184	0.3341726865865618
NOF005	0.460032939506404
SAMD00114830	0.4771233702720831
PSMB4MC7	0.2915951745319236
ESM5MEA9_P	0.46223257721643257
HSM5MD5H_P	0.35080055526817805
a496ac6c-7ae6-11e9-a106-68b59976a384	0.3155699700991853
MSM5LLIC_P	0.3955331270429756
SID530890	0.34474440442605575
W1.6.ST	0.44095908575731196
M0x10MCx3395	0.3705122526100054
A13_03_1FE	0.28773122967684617
SID5564_meq	0.4425533796517046
EGAR00001421069_9002000001508561	0.26335165665548027
G80547	0.41168394811648834
MM033.4	0.17530929452982083
SAMEA104142090	0.14547066134804504
G88713	0.36953283066559206
SID8a096e98-7ae6-11e9-a106-68b59976a384	0.30888808005625007
CCMD76409700ST-11-0	0.4433823394652317
YSZC12003_35542	0.47357799575333304
SAMD00114871	0.45986058726799056
G102380	0.5955471304744997
C16-20123-TZ	0.49192582931428047
G80487	0.24815390073277513
MH0403	0.38394084315101956
EGAR00001420735_9002000001413750	0.3451308412526267
SAMEA7045722	0.33304136693719777
H3M415117	0.443120067669817
SAMEA7045189	0.3104553098982124
N2_088_042G1	0.21895592587420884
M0x30MCx1193	0.43885535762931416
FAT_006-22-0-0	0.3341618018632291
MSM6J2RU	0.3987996287543821
DHAK_HCL	0.6793070737784935
SID338_M	0.5184471532403347
SID51_B	0.09549319869892517
ESM718UH	0.34969292189643914
MG100141	0.14296875988994215
FMT_03_t15	0.40442372518420827
M0x20MCx1322	0.38444235682129096
S347	0.36753029879869636
M0x30MCx2180	0.3438733031349776
c737992a-7ae6-11e9-a106-68b59976a384	0.36901160982891956
PRIMM0576	0.35653489336562205
p8646_mo9	0.41829388209564833
d74666e8-7ae6-11e9-a106-68b59976a384	0.35551899246713414
MSM9VZIQ	0.37318048907722634
a7498470-7ae6-11e9-a106-68b59976a384	0.24514734296336083
EGAR00001773341_1000IBD00720	0.3759305826204215
SAMD00164974	0.30866891234782334
M0x30MCx1762	0.35685999599287177
wHAXPI033605-29	0.4528377742138769
S269	0.4220625816240582
EGAR00001420978_9002000001475980	0.3731006014076109
b9acc05a-7ae6-11e9-a106-68b59976a384	0.15950727116033675
MSM6J2QB	0.30912911135581567
M0x20MCx2338	0.33184137164029837
PNP_Main_40	0.5766267148007761
SAMEA7045248	0.2913175027140857
SAMEA7045644	0.3263497952825951
EGAR00001763557_1000IBD00379	0.4334801628450533
SRR3992995	0.4059222828238305
HGKY7ADXX_PG0662_178A0104_H1_L002	0.5465144982068979
A72_01_1FE	0.40025644224697515
SAMEA7045818	0.3477925036368566
op164_M1	0.3913542920433897
G78735	0.46189494663746106
PSM6XBRM_P	0.35797200143635005
SAMEA7041212	0.3207057132653156
SID76a45cdc-7ae6-11e9-a106-68b59976a384	0.24196745125018723
HMP2_J00840_M_ST_T0_B0_0120_ZLZNCLZ-01_HA986ADXX	0.3467944654877834
SID713A033-11-0-0	0.39160988282575665
ea6d78a6-7ae6-11e9-a106-68b59976a384	0.25084480455692365
SID5413-4	0.32773043684659475
M0x11MCx1448	0.28763752055220054
YSZC12003_37652	0.5074714101135013
A89_01_1FE	0.6893550306026445
IT13	0.3643855677098196
DOF009	0.40724982802144294
SAMD00164925	0.2945560577863683
SAMEA104142134	0.46351159183862156
dd50e284-7ae6-11e9-a106-68b59976a384	0.2731031624963658
M0x30MCx2312	0.30451119680826777
M0x11MCx1533	0.29173471329787765
M0x30MCx2183	0.4311563489775411
O2_UC50_0	0.5262754169486605
ESM718V8	0.5903595502652561
SID82541914-7ae6-11e9-a106-68b59976a384	0.3746755501525562
G102264	0.3050895462511492
SAMD00164865	0.3669593731665261
CM.291_WGS	0.47147103148149655
EGAR00001420410_9002000001304015	0.32726880892233
SRR3993012	0.4344157414827502
Travel122	0.3928823760857561
EGAR00001763372_1000IBD00010	0.3021408709029012
SID12516553_SF05	0.5072124205728973
SID70596794_SF07	0.5058118296733938
V1_UC33_0	0.4767410806467897
SID91c1af1a-7ae6-11e9-a106-68b59976a384	0.4083990776827576
M0x30MCx1987	0.3784581175259986
CSM5MCUO	0.5667896667720691
S82_a_WGS	0.4135820593785508
O2_UC59_2	0.4537087586793397
G88936	0.5244844816580809
MSM6J2JD	0.5559464795763654
Sample_S25230_FMT_03_t15	0.43682827055559365
SID713A028-11-90-0	0.34642028027696775
HMP2_J00879_M_ST_T0_B0_0120_ZMBH10Z-01_HA986ADXX	0.39266967515324736
SID130_M	0.5089057146410774
SID615_4M	0.332333584903579
M0x20MCx1514	0.2436927037784675
G80283	0.4438548407552358
G80282	0.3847576590678661
SZAXPI003435-11	0.17393019100337756
O2.UC41-1	0.5638566088136303
PRJNA231909.3113834	0.3703438226490285
W2.45.ST	0.5497270595336993
M0x20MCx1899	0.2556995006053703
SID12_M	0.41038782064377843
SIDVOV112_metag	0.5028990249310912
M0x20MCx1487	0.4142102962671848
Travel020	0.40264211316502696
MSM6J2JH_P	0.5239508964827144
Travel073	0.46764676300019387
EGAR00001421009_9002000001483041	0.3051452844391035
MH0097	0.3495604793243197
EGAR00001420178_9002000001211023	0.4426773217167973
ESS-0467	0.4436962261952979
SAMEA104142344	0.559082859529339
EGAR00001763644_1000IBD00588	0.3321015957982036
CSM67UBB	0.464853028322849
SID7_4M	0.2975660224098167
MH0438	0.4048758769382997
CM.146_WGS	0.5245874332103821
SID7ff7d05c-7ae6-11e9-a106-68b59976a384	0.16490783308391396
O2_UC29_2	0.3058682125833283
EGAR00001420542_9002000001361460	0.6801739503408649
M0x10MCx3060	0.2637490728155612
G80433	0.37460007695286346
MG100136	0.41853652601465063
MM092	0.23674306367597037
PNP_Main_349	0.4394536300489091
G80468	0.45305643040190147
CSM5MCVJ_P	0.261653728314992
CSM9X1XU	0.46188878531101407
NCS-053-Meconium_microbiome	0.1602079406882592
EGAR00001421131_9002000001536628	0.3888798878901871
V31_01_2FE	0.4812367989863347
TZ_83788	0.35720549792618034
TZ_81781	0.45338867564040347
G80415	0.29466680866355066
PRJNA231909.3115646	0.43690272696629356
SID8f0c514e-7ae6-11e9-a106-68b59976a384	0.18503849194559155
frank_P56	0.43375696811387127
SAMEA104142377	0.48634798598396484
b0513e6e-7ae6-11e9-a106-68b59976a384	0.43671924024359393
S2_003_013G1	0.17321713093933913
M0x20MCx2888	0.17742664263818814
SID10502288_SF08	0.489959838405737
PRJNA231909.3114810	0.3329643233100186
G78806	0.3348171459246961
SAMEA7045915	0.3452940543363059
PNP_Validation_96	0.4172644976670441
SAMEA7045591	0.19830050044062872
EGAR00001421158_9002000001549896	0.36057362334962717
SID15127457_SF05	0.3089735026355432
SID9fa06888-7ae6-11e9-a106-68b59976a384	0.5512432281096825
SAMEA7045395	0.3171464533938644
SAMD00114882	0.4796456299785254
CSM79HIH	0.29017540141047804
DOM015	0.412487040237458
G102232	0.49776745150365703
C16-20070-TZ	0.3265158803474391
G102241	0.44874586090662955
SID31071	0.38877280565641975
SID18_B	0.3922134411817533
LD-85	0.41503922993042264
PNP_Main_534	0.29034258881765845
S14_a_WGS	0.26443478282798116
G80465	0.44634857336276135
N2_070_016G1	0.10588974872962036
G89150	0.4883674667655596
G78548	0.220816023706759
MH0236	0.39862593133591506
BHCNJJADXX.N705-S503_GGACTCCT-TATCCTCT	0.2631691054485574
S561	0.3498570399522985
SID70488374_SF07	0.41362129016090793
PNP_Main_473	0.3067534281227491
PNP_Main_758	0.48245619808366
HSMA33RR	0.4012407765311669
SAMEA7045305	0.29419296113214327
CCMD50300306ST-11-0	0.3926542089079494
DHAK_HT	0.40239962728194106
M0x10MCx1962	0.5357206164940933
HD-8	0.5374529834438146
YSZC12003_37797	0.5745413017872976
PNP_Main_311	0.4852145266832004
G88880	0.46732608301603035
SAMD00164949	0.35226501661784776
a7b815fc-7ae6-11e9-a106-68b59976a384	0.1801883775101346
EGAR00001420262_9002000001244294	0.4122694683691845
PNP_Main_363	0.5060426281992728
HSMA33QM	0.42089561597393305
SZAXPI003423-8	0.17298121081427612
FAT_010-22-2-0	0.35667600154764884
N2_065_029G1	0.19844101924970134
FMT_71_t90	0.47169706588636645
SAMEA7045709	0.44685552886358826
V30_01_1FE	0.23518969116146787
SID08C_021	0.48235279440643664
SAMD00164915	0.5842933205287915
SAMEA104142203	0.11946000143369595
SAMEA104142194	0.32187443396133847
SID20192639_SF08	0.40167244285832365
CSM79HOV	0.33744370161156634
wHAXPI032788-111	0.5953631992191319
V3_C106	0.15916254233431323
TZ_39371	0.31474308529184003
MMRS68910755ST-27-0-0	0.45599153542452275
SAMD00114777	0.30001749510615716
SID624_4M	0.32521609940046237
SID40048760_SF06	0.33772034036862447
HCO12	0.26350051520931267
G88846	0.4749302366433879
SID70059005_SF06	0.39780640684089774
M0x12MCx2002	0.26305876952202034
G78742	0.29210036738640327
S2_015_010G1	0.29469799381175205
EGAR00001420349_9002000001276538	0.363919357296928
T2D-076	0.41531436481439293
PNP_Main_489	0.5503157852328029
SAMD00164989	0.29540854733761585
DOM026	0.2530313925665322
PRIMM0062	0.29470559801717106
SID09B_516	0.2353527794649706
M0x10MCx2060	0.287461763032955
EGAR00001763509_1000IBD00273	0.21491560815508942
SID19498608_SF08	0.34385098505051837
EGAR00001420662_9002000001394740	0.5206238653562976
SAMEA4719769	0.2529436313570714
SAMEA104142473	0.6307364054440981
MMPD15187820ST	0.4120495354087682
pluto3-11-0-0	0.4055420760746491
EGAR00001763544_1000IBD00357	0.5541683046814433
M0x20MCx2000	0.45563425106574235
p8712_mo10	0.37490085974354725
S83_a_WGS	0.54524440302592
M0x30MCx1400	0.36635504070745106
V1_UC13_0	0.24922941464890896
YSZC12003_37136	0.5801061389781488
A41_01_1FE	0.36919816097224856
G78842	0.3806815185128518
HSM7CZ1E	0.23838107655801521
M0x20MCx2922	0.15056002546941266
d8485a38-7ae6-11e9-a106-68b59976a384	0.10812384253333834
M0x10MCx1656	0.2912505998869606
SAMEA7045187	0.28518251610739115
Travel078	0.4729331127292149
G102196	0.22562355620201563
SRR3993035	0.4345760811177536
V1_UC23_1	0.5224672495941001
O2_UC58_0	0.5684792881152374
M03.5-V2-stool	0.442113605769154
CCIS13047523ST-4-0	0.4153633763595739
M0x20MCx1339	0.3867925466148445
G78861	0.40763975499429544
N2_035_010G1	0.1861560154272748
PNP_Main_79	0.5701146142448369
SAMEA104142214	0.38288206502233907
M0x30MCx2222	0.21035237633577875
SAMEA104142100	0.5965649939661192
SID341_4M	0.4369709206383816
CCIS02856720ST-4-0	0.37364066053653316
M0x30MCx2900	0.3770321092146684
cbbfcf6c-7ae6-11e9-a106-68b59976a384	0.2051971392122908
FMT_31_t30	0.2967486607717059
PNP_Main_355	0.6198059840800502
SID788f19b0-7ae6-11e9-a106-68b59976a384	0.3027195796970073
MSM6J2Q7	0.45393305036600556
H3M516113	0.2829471463738423
ESS-0202	0.7576403179560977
M0x20MCx2477	0.2339614463844562
HV-5	0.47029720052809637
EGAR00001421234_9005000001577950	0.5176335594604705
DOM020	0.5656459395077065
PNP_Main_357	0.29858298965971625
FAT_024-22-84-0	0.44573121649056513
EGAR00001420851_9002000001443799LL	0.3545955986262491
SAMD00114839	0.25087674365312024
AS66raw	0.3432677272483103
SAMEA104142372	0.3798336668636511
EGAR00001420952_9002000001467235	0.5502183038405839
G80410	0.33788162454550164
PNP_Main_452	0.29917824422973893
G89088	0.36092005743579586
SID70059005_SF05	0.4115522631438395
M0x12MCx3125	0.3201847958897163
DHAK_HCU	0.376103609892661
TRAVELRES37	0.4814465162188561
SID530444	0.4289948030294534
CCMD68973846ST-11-0	0.44014151332778445
LD-Run1-03	0.31465435283997556
G89044	0.5036510256077771
H1M513819	0.48637106872796815
HSM7J4KG	0.3236924690816114
M0x20MCx2978	0.35226585981446673
SID7_B	0.25817606640486085
HSM6XRRD	0.3456047543457276
WL.3.ST	0.35718504220203945
SID5640_ijm	0.3178655307932636
SID19145210_SF08	0.4509627986523738
M0x14MCx2945	0.3585113467145005
EGAR00001773331_1000IBD00679	0.4183750227181043
YSZC12003_37277	0.46382297522720356
SID17101027_SF07	0.3916905526200215
PRIMM0007	0.39484127521117657
SID9f22153c-7ae6-11e9-a106-68b59976a384	0.29714375199984605
nHF611710	0.7698722632235603
S249	0.1962808649243866
SID140102	0.31660676715594965
M2.48.ST	0.3846641877687202
CON-102	0.5183772328416425
PNP_Main_612	0.6042979476960137
DY.509.D01	0.11395023936650091
EGAR00001763415_1000IBD00082	0.4917736257658655
G80344	0.2906327624576588
MSM9VZOI	0.36908112205195376
CSM79HLC	0.4456356208035331
N2_065_011G1	0.39799284245525746
SID203_M	0.54800615745771
G89070	0.5839753589144486
SID503_12M	0.44176051582903786
O2.UC1-1	0.32565431725357047
c78237fa-7ae6-11e9-a106-68b59976a384	0.4648368377858466
SAMEA7045693	0.2969356693095617
SID521_4M	0.3973239772204734
W1.27.ST	0.5315725503255264
OBK2896	0.11940347342018495
M0x20MCx1870	0.39889920693342484
CCIS70398272ST-4-0	0.41562672100313586
G80515	0.2764640773315719
daisy-11-7-0	0.48241239732861535
M0x13MCx2963	0.39049840612576603
G78823	0.5119183989979863
EGAR00001420605_9002000001382817	0.28207198389672516
ESS-0308	0.548283822968977
HMP2_J00845_M_ST_T0_B0_0120_ZLGD9M0-05_HA986ADXX	0.23731486305156216
M0x12MCx2446	0.27896334757392793
SID38.TO.VG	0.3832455433005195
EGAR00001420849_9002000001443600	0.32674274418611626
SAMEA7045576	0.42462992201531796
G78614	0.31189459226854493
NOM014	0.5068947114423892
CSM79HL4	0.5251372499829263
SID794ba3aa-7ae6-11e9-a106-68b59976a384	0.3715488888220256
SRR3993045	0.42862060340285857
G89022	0.5523088552706039
MMRS18295921ST-27-0-0	0.32363268818840185
EGAR00001420592_9002000001378910	0.4832657155260268
HSM67VGK_TR	0.38767910413639245
SID18706034_SF08	0.5361998915644962
S462	0.5264431708390601
HSM67VIL	0.32399404789883574
S2_017_011G1	0.09719400049925138
SID17841344_SF07	0.44972190298085585
PNP_Main_569	0.5022204364300096
CSMAE44D	0.48256714916253335
PNP_Main_70	0.5444566576451173
SAMEA104142120	0.6103042138894037
CCIS52370277ST-4-0	0.16703146345493813
SRS018133	0.3068975422663016
SID14952019_SF05	0.2640416444777498
SID6ef1a530-7ae6-11e9-a106-68b59976a384	0.22680345826875362
PNP_Main_69	0.5300308939430134
EGAR00001421176_9002000001557110	0.31400109399650694
MMRS77487595ST-27-0-0	0.42890009449003635
DHAK_HCK	0.36960888855874036
EGAR00001420100_9002000001328080LL	0.35632456294181136
YSZC12003_36244	0.379527385473531
SID632090b8-7ae6-11e9-a106-68b59976a384	0.18595523235211017
SID190104	0.38352177279172295
MSMAPC7T	0.41473078283147996
Ahn.Mel43	0.39179531906949017
M0x10MCx2663	0.362354635517909
M0x20MCx1772	0.23408816244176123
HMP2_J00877_M_ST_T0_B0_0120_ZMBVNFM-03_HA986ADXX	0.31224068718688125
HSM7J4JN	0.3589909048255664
SAMEA104142315	0.10076549413537174
M0x10MCx2378	0.6433837740284861
T2D-038	0.47462364734847234
EGAR00001420912_9002000001457530	0.4529296359340653
SID8ade0f72-7ae6-11e9-a106-68b59976a384	0.25321221227641466
EGAR00001763382_1000IBD00030	0.35841695610028945
HV-6	0.450480887600188
SID6a0dfaf0-7ae6-11e9-a106-68b59976a384	0.4109493630334846
PRJNA231909.3108105	0.3354781468215547
M0x20MCx1689	0.30821360207398557
SAMEA7045115	0.2502408309382507
CSM79HGX	0.6154564116123666
SID97b84816-7ae6-11e9-a106-68b59976a384	0.22334929652451985
SID6e3acb30-7ae6-11e9-a106-68b59976a384	0.44114237106015414
da2f9ffa-7ae6-11e9-a106-68b59976a384	0.4107174016634521
SID7eadd96c-7ae6-11e9-a106-68b59976a384	0.1611725258487874
M0x10MCx2388	0.3553330886137661
SAMD00114855	0.4279505667876067
S6_a_WGS	0.18280053983043926
HSMA33LH_TR	0.5013674635669821
SID30756617_SF05	0.34118402165629297
CSM5MCYM_P	0.46715812639918186
HSM7CZ1V	0.3302430710692443
HMP2_J00886_M_ST_T0_B0_0120_ZKFV71L-02_HA986ADXX	0.27721201513195237
Sample_S25239_FMT_10_t7	0.39568743396809014
CCIS64773582ST-4-0	0.4382622015576941
H3M515137	0.679858671958878
MH0302	0.4231960990676278
M0x30MCx2089	0.3661455774165835
C16-20006-GH	0.46837873928985935
SAMD00114769	0.3135074845761699
SRS016018	0.5430558563635134
MH0413	0.41218427204138186
SID713B033-11-0-0	0.3994688805104757
C16-20005-TZ	0.1660951399865979
G80313	0.428152557939884
V1_UC36_0	0.5955729318703689
SAMEA7045865	0.2886947881014801
M0x11MCx3193	0.17783036786772408
CCMD39157124ST-11-0	0.5884917769755429
p8600_mo11	0.41631086069723416
G78537	0.3573888818153671
M0x30MCx1235	0.5792858255771846
SID71382449_SF07	0.5290262524517001
SAMD00164947	0.45387329484734246
EGAR00001421117_9002000001530894	0.2217994893059588
FMT_33_t30	0.436761237581012
SID549_4M	0.18542844271652784
ESS-0496	0.4872983453986298
G78649	0.41994661495507274
CA_C10031IS2541FE_t5M16	0.2082833843897904
SRS014459	0.4705150558646481
MSM6J2MJ	0.31202033683294256
b7bd9dbe-7ae6-11e9-a106-68b59976a384	0.09991324190888122
a4f45e02-7ae6-11e9-a106-68b59976a384	0.16377428455223783
EGAR00001763676_1000IBD00645	0.24352545470880363
TZ_29321	0.4136290518612725
PNP_Validation_5	0.4387036115733382
SID5453-4	0.4975484893101289
O2_UC13_2	0.5134057826736841
HSM7J4JT_P	0.37512444878744966
EGAR00001420241_9002000001235221	0.5441168452423042
M0x30MCx2532	0.3644534587591371
PNP_Main_270	0.6947891602915396
SID567_M	0.42709676892678233
PSM7J16B	0.16249587566764656
SID15785561_SF07	0.5153628605710804
MM022.2	0.3787927245314485
p8775_mo12	0.47027930379088645
SID6b315a30-7ae6-11e9-a106-68b59976a384	0.4598897446652069
CCIS11019776ST-4-0	0.2402290676088073
PNP_Main_111	0.2930211032760113
G102352	0.4918507030748295
S2_FMT_03_t15	0.17917514255323566
M0x12MCx2798	0.2292944809806781
SAMD00114994	0.6380385707271746
M0x10MCx1946	0.30641469789544384
G88929	0.522012558831276
HMP2_J15234_M_ST_T0_B0_0120_ZWCZHHY-01_GES15-03630	0.36703482057512554
SRS015133	0.3941521346165412
LD-66	0.24190461437994362
W1.20.ST	0.6542515022683772
G89005	0.5399370360575619
AS61_24	0.388172443534469
SAMEA7045407	0.3913426449542513
TZ_83893	0.38324243066741437
S60_a_WGS	0.28698521615913286
CCMD95431029ST-11-0	0.154602459097476
PNP_Main_150	0.3706858265324831
PNP_Main_602	0.5303506111031737
G80461	0.29353545034504364
CSM5MCV1_P	0.49269100556419904
S2_FMT_26_t7	0.43482298620392923
SID70312587_SF07	0.5193080928382612
TRAVELRES49	0.3596771242390384
p8582_mo3	0.5158600170308227
EGAR00001420205_9002000001223900	0.3917403488045433
PNP_Main_82	0.32890058385202314
M0x30MCx1477	0.20417889823219562
SID11715866_SF07	0.24582637634514176
SID16041443_SF07	0.5267422102149055
f9d5b0a6-7ae6-11e9-a106-68b59976a384	0.5504543673675849
wHAXPI032659-39	0.5610960543934586
PNP_Main_120	0.6605676719090766
SAMD00114759	0.28496866782013225
MH0085	0.2912005709102164
f768e270-7ae6-11e9-a106-68b59976a384	0.21479937924287165
SID30756617_SF08	0.4867429434081645
G80423	0.4467715567925429
PRJNA231909.3113065	0.4181638737948262
SAMEA4719810	0.31192381346511394
wHAXPI033791-18	0.49933922960594507
HSM67VFX_P	0.3521572731195104
a6ae586a-7ae6-11e9-a106-68b59976a384	0.2806710704269078
YSZC12003_35739	0.4763359318675046
G78776	0.41160688390725897
PNP_Main_280	0.5126922778626062
EGAR00001420979_9002000001476065	0.4574226922587911
PRJNA231909.3116456	0.3579262566992052
MH0176	0.5231540992282507
EGAR00001420935_9002000001462829	0.3328146671657826
CSM79HOZ	0.3783740732634239
PRIMM0475	0.2849565413976697
CON-096	0.3908507549119342
e34b292e-7ae6-11e9-a106-68b59976a384	0.23388936737339552
EGAR00001420336_9002000001272430	0.32258130391192236
PSM6XBTL	0.6151973226091142
MH0024	0.4229971674242961
TZ_43638	0.3039734889948846
SAMD00114976	0.49180075034969195
d0ee66ba-7ae6-11e9-a106-68b59976a384	0.3106457439882626
G89042	0.4150358807111484
aa4ac256-7ae6-11e9-a106-68b59976a384	0.20171471285907264
p8808_mo5	0.32925081330965805
SAMEA104142207	0.34139172595322054
CM.358_WGS	0.38628468605213634
YSZC12003_35837	0.5333010516047918
frank_P32	0.24952640310935337
SAMEA104142467	0.24793368593116635
SID5434-3	0.5034951095748836
EGAR00001420566_9002000001370100	0.5019054245291977
S55_a_WGS	0.4683474413230019
Sample_S25246_FMT_06_t30	0.41831442410535835
M0x20MCx2311	0.23283359456712988
SID100304	0.29344780289590944
EGAR00001763497_1000IBD00249	0.4657031718907557
SID01C_235	0.42532544052006394
S193	0.438211687423716
EGAR00001773300_1000IBD00174	0.3818993007771214
SZAXPI015231-17	0.554463617466238
PNP_Main_606	0.5681438029431891
M2.37.ST	0.4764281747162815
YSZC12003_37462	0.3817183708104298
EGAR00001420687_9002000001401140	0.49347145180333496
PNP_Validation_75	0.5311779885476156
HMP2_J00876_M_ST_T0_B0_0120_ZMBVNFM-02_HA986ADXX	0.2399079956355602
EGAR00001420140_9002000001191584	0.5053118237570624
SID713A002-11-90-0	0.4746457195632677
H1M512840	0.4435594397802286
CM.255_WGS	0.17213171564922572
CRC_MR_SBJ52C_17	0.39407523442447995
EGAR00001420565_9002000001369978LL	0.49273957137144475
SZAXPI003426-11	0.20224712170585926
HSM6XRT2_P	0.47108110803172915
wHAXPI033792-19	0.4847794832729856
MM089.2	0.20013208499767812
DHAK_HBR	0.34445743725657335
M0x30MCx2909	0.2842096034300159
O2_UC20_2	0.528887093472905
CCIS82507866ST-3-0	0.4298758843473174
NO20	0.5156693745820885
SID85c86316-7ae6-11e9-a106-68b59976a384	0.3181681336029824
T2D-103	0.4619841507076313
wHAXPI033812-26	0.3498916744754203
TZ_70090	0.4023703075414146
TRAVELRES17	0.5083418753437668
MH0125	0.623780317628292
SKST014_4_G102979	0.21754390671247795
SAMD00164723	0.49026187750582617
M0x30MCx2974	0.2619840275725363
G88906	0.61297560245803
CA_C10019IS2329FE_t5M16	0.17538248315288063
EGAR00001421168_9002000001554537	0.4140008721700247
BHCNK3ADXX.N711-S506_AAGAGGCA-ACTGCATA	0.5489001958579296
M0x30MCx1188	0.336340235871858
EGAR00001420568_9002000001370790	0.492086444543711
HMP2_J09105_M_ST_T0_B0_0120_ZM7JY3G-07_H7FHFBGXX_S37	0.45563909813247866
M0x30MCx2956	0.2828462956313519
MH0350	0.5128395468946209
d6beea06-7ae6-11e9-a106-68b59976a384	0.19410331949022983
SAMD00164745	0.30031822758746685
YEZ_N-30	0.47526136348086057
PNP_Main_391	0.4778618588918379
d81402e2-7ae6-11e9-a106-68b59976a384	0.24304518762722926
EGAR00001420783_9002000001426018	0.3947617317181439
EGAR00001420705_9002000001406340	0.2943200120754485
V19_01_2FE	0.4593388504068861
f5da0042-7ae6-11e9-a106-68b59976a384	0.5290792417332991
PNP_Main_529	0.27837406983388413
SID40550164_SF06	0.2539923518132752
G78739	0.3449134138270053
SID128_12M	0.466068299277136
NCS-032-Stool-infant_microbiome	0.3404803207088923
EGAR00001420998_9002000001480326	0.4152947658495093
C16-20073-TZ	0.2849132648302639
frank_P35	0.1656455742872185
PNP_Main_614	0.19146313565582354
CCIS46047672ST-4-0	0.1915656535555897
M0x20MCx1879	0.40150607609511546
wHAXPI034922-11	0.4769770741846091
EGAR00001763680_1000IBD00654	0.3139615050473353
HSMA33O1	0.43017476918344577
EGAR00001420644_9002000001392152	0.4291608413746845
EGAR00001420937_9002000001463399	0.5257959046105064
SID0018_fze	0.23775458454990664
O2_UC31_0	0.454189582431736
M0x10MCx2564	0.2980909908406341
EGAR00001420216_9002000001227810	0.32722827591131043
EGAR00001421230_9002000001589069	0.4025074420536233
MMPD78206795ST	0.37274572591741834
EGAR00001420787_9002000001426640	0.44939574646952773
p8582_mo8	0.49819002189189066
e3728dac-7ae6-11e9-a106-68b59976a384	0.3461785327205196
G80293	0.49780096000202606
M0x30MCx2080	0.1770213346245828
EGAR00001420707_9002000001406700	0.12093148830874159
SID5161_prh	0.3360808137459065
HD-75	0.41946071996561124
V2_C111	0.2371450622188722
G80548	0.40338152418804124
G80307	0.41301109093571636
AS68_3	0.33957461237435665
AS58_12	0.44601791060287627
G102254	0.26079936479359733
SAMD00114930	0.42267981088509904
SID82c28886-7ae6-11e9-a106-68b59976a384	0.22739111133497725
HMP2_J00842_M_ST_T0_B0_0120_ZLYEM2C-01_HA986ADXX	0.28268652754795354
G78594	0.3100073724584725
GupDM_HCY	0.46260825232366337
MG100151	0.35277513202042765
SAMEA104142157	0.14043902268722672
M0x20MCx2024	0.32120715605159467
bugkiller-11-2-0	0.2897123300601403
PSMA265T	0.3649220463186404
SID926fb0c4-7ae6-11e9-a106-68b59976a384	0.30558761971450477
M0x30MCx2149	0.4771350174085962
b187a458-7ae6-11e9-a106-68b59976a384	0.21747565070576058
M0x20MCx3102	0.28357559570649854
SAMEA7045404	0.251832203355723
SID713A081-11-90-0	0.3280156417269528
HMP2_J16511_M_ST_T0_B0_0120_ZOZOW1T-66_HLH73BGXX_S6	0.2992943870404563
cf56d15c-7ae6-11e9-a106-68b59976a384	0.390113130619682
SAMEA104142411	0.08177107158571209
SID15401240_SF06	0.43840731806265915
M0x20MCx2764	0.3566965282915642
LD-53	0.22076593615415674
FAT_012-22-84-0	0.514559579806283
EGAR00001763507_1000IBD00266	0.24714649519370757
PNP_Main_467	0.49017326067936345
EGAR00001773309_1000IBD00394	0.43018603242789255
Travel101	0.2896734422039307
G88795	0.43721979321343857
G89128	0.5053675289443492
MSMA26ER	0.44571686143668
M0x10MCx2032	0.16515248634320695
SID08J_078	0.28181165108130213
YSZC12003_36243	0.5549012033572819
SID7c23ca4e-7ae6-11e9-a106-68b59976a384	0.2784436566295654
HSM5MD8B_P	0.3841139299144762
GupDM_JK	0.22087361411302311
SZAXPI003420-4	0.31316889818678345
SZAXPI015259-62	0.4492812127061959
SAMEA104142158	0.21670428847964335
HMP2_J00889_M_ST_T0_B0_0120_ZK4CK8Y-03_HA986ADXX	0.23411015110693442
SID11925792_SF06	0.4809876098033106
EGAR00001420636_9002000001390837	0.28939706468061344
S2_002_016G1	0.14761110732681793
SID624_B	0.2049576154651805
V1_UC15_3	0.3964291091913638
G102332	0.4728123550640806
DHAK_HBZ	0.3538965937057317
PRIMM0561	0.39795280397097005
G78796	0.432877367204297
YSZC12003_37102	0.42775387046843244
M0x10MCx1453	0.24934588445874165
f672bd3c-7ae6-11e9-a106-68b59976a384	0.3246785356574078
SID16960763_SF07	0.3804349869302197
SAMD00114802	0.2157963341890905
SID326_12M	0.2630681441871067
SID18075722_SF06	0.543028504418685
SID12815993_SF08	0.42281327657372436
M0x30MCx3164	0.31630150680939856
HSMA33ME	0.3896266410511191
SAMEA104142326	0.49793269849384214
M0x12MCx1855	0.4010422126150386
CSM7KOOH	0.4176091944392585
PRJNA231909.3113114	0.35221519324035977
M0x10MCx1395	0.3266219237956674
EGAR00001763602_1000IBD00495	0.5035413782445155
G78618	0.4845119695433574
SAMEA7041193	0.25755032143022694
LDK_3	0.4836806844207245
M0x10MCx1165	0.5265915629149022
BHCNJJADXX.N703-S503_AGGCAGAA-TATCCTCT	0.2478998863776571
M0x20MCx2421	0.25446113757191924
SAMEA7045308	0.34287023342966744
SAMEA7041251	0.4278659343599763
SID713A015-11-0-0	0.495289745570037
SAMD00114841	0.12058240515471594
PRIMM0059	0.40531054140105593
a2f5019c-7ae6-11e9-a106-68b59976a384	0.10779157157947185
f4dd9302-7ae6-11e9-a106-68b59976a384	0.2844325922834931
SID75386dc0-7ae6-11e9-a106-68b59976a384	0.2723736812110881
CM.443_WGS	0.3736048978116868
SAMD00115009	0.6306718259219458
EGAR00001421032_9002000001491778	0.35214437231038226
EGAR00001773301_1000IBD00177	0.4391226319578939
CA_C10003IS2042FE_t4M15	0.28069580795070087
HMP2_J09117_M_ST_T0_B0_0120_ZL9BTWF-09_C93B2ANXX	0.3086445556825556
EGAR00001421046_9002000001497216	0.5081678896943599
p8855_mo8	0.3310558782308862
MSM7J16P	0.3085082954734719
MH0328	0.5444272388143159
M0x30MCx1646	0.15807307258226025
EGAR00001420609_9002000001383360	0.32126108483044147
M0x30MCx1636	0.5192966128278674
MMRS79893829ST-27-0-0	0.40300245615095903
T2D-033	0.5785381024836589
FAT_012-22-14-0	0.5199980133087253
EGAR00001763573_1000IBD00416	0.3945720240951408
d523e35e-7ae6-11e9-a106-68b59976a384	0.1141976667954276
SAMEA7045778	0.28178344414312256
CA_C10006IS2087FE_t2M15	0.22118326849734762
SID857af0d6-7ae6-11e9-a106-68b59976a384	0.2146857634588421
SAMEA7045318	0.18744818410329095
PRJNA231909.3116471	0.48155788869869953
M0x30MCx2455	0.14680949732547272
frank_P44	0.43438666708839113
SID17259943_SF07	0.4039237938816707
V1_CD7_0	0.37260825203957953
NO05	0.4482223402291002
YEZ_N-48	0.5006964241238192
PNP_Main_117	0.560013995639276
SID713B064-11-90-0	0.5214310505262976
EGAR00001420725_9002000001411196	0.38878774680722866
CON-040	0.4465722313541331
W3.23.ST	0.40297790587258975
NLM027	0.47616699815220603
PSM7J15M	0.22704770809096791
EGAR00001420959_9002000001469950	0.39616652404833874
EGAR00001420156_9002000001202507	0.33606346236250795
TZ_21618	0.4567220885300681
CCIS12370844ST-4-0	0.20849451134424332
HSMA33IE	0.3191164393030748
PRIMM0398	0.5132328252765785
EGAR00001420779_9002000001424962	0.42107092385137235
LD-50	0.3158970625430905
EGAR00001420560_9002000001368095	0.4842832653098439
EGAR00001421206_9002000001573176LL	0.4862086748585957
SID791683fa-7ae6-11e9-a106-68b59976a384	0.15539536013615035
EGAR00001421079_9002000001516607	0.3949961532928951
CSM7KOP2	0.4351684804609795
C16-20111-GH	0.40392967956091336
LD-Run2-11	0.2569345597434865
SID1050_bax	0.37603994155313775
G88869	0.5669473102060255
c0528962-7ae6-11e9-a106-68b59976a384	0.35543027026153295
PNP_Main_723	0.4973173532522489
M_C123	0.5244291291599321
S446	0.43795541927986165
HSMA33OP	0.3051483978332024
S2_005_022G1	0.22253922639156368
SAMD00165031	0.41109408276438075
PNP_Main_491	0.6182457509353809
SIDVOV08_metag	0.30799905788683263
M0x13MCx2054	0.19754538462062454
PRIMM0417	0.24338102190386868
SAMEA7045433	0.4276180466606148
SID64fe6b26-7ae6-11e9-a106-68b59976a384	0.2599930139737082
G104618	0.11586968681574267
M0x30MCx3154	0.2449475128783601
M0x12MCx2259	0.2961657674647677
wHAXPI032611-21	0.3177023961193672
S225	0.5557188114770687
MH0044	0.41620756508072587
SID577_M	0.5533223328021166
V1_CD6_4	0.54931946970251
SID5421-1	0.3990789081424307
MH0083	0.3441903730310551
PNP_Main_78	0.38558384244216437
SAMD00164983	0.4497645435746881
wHAXPI033593-26	0.39350422120755824
EGAR00001420288_9002000001255529	0.24974480478657515
SID99f6b4e6-7ae6-11e9-a106-68b59976a384	0.28768440220787483
G78730	0.5311615833357881
TRAVELRES58	0.5820084951327057
W2.62.ST	0.2126228427874139
SID103_4M	0.15063848468354393
M0x14MCx2682	0.4514802186332102
BCN-01_1	0.49143093260470466
SAMEA4719763	0.3107071698211793
SAMEA7045142	0.37978377289474413
MM011	0.239958417589051
HMP2_J00881_M_ST_T0_B0_0120_ZMBH10Z-03_C8GAAANXX	0.490675925028309
PNP_Main_309	0.4100003136515801
EGAR00001420284_9002000001253462LL	0.25148600308632096
LD-52	0.1522440240818675
SID10536335_SF06	0.4234554806155559
HSM67VI9	0.681856786733301
HMP2_J15246_M_ST_T0_B0_0120_ZVGW5FI-02_GES15-03641	0.606097681974392
G80353	0.47377927439410483
FMT_16_t30	0.377001661141857
CA_C10032IS2548FE_t1M15	0.4213715221109917
CM.553_WGS	0.4685494952698526
df4fe440-7ae6-11e9-a106-68b59976a384	0.48772845634875805
LILT_VF95_16	0.4866350923337365
SID15752525_SF08	0.4314758187980192
CSM67U9R_P	0.5451782802388562
c87fa214-7ae6-11e9-a106-68b59976a384	0.2707297359160684
S139_a_WGS	0.2554978820235347
O2_UC1_0	0.3706982637172277
PSM7J141	0.3859959089017082
CSM67UDN	0.5377043264980254
wHAXPI043593-9	0.43061326785765347
pluto2-11-0-0	0.32560660864904034
SAMEA104142404	0.41661181397454344
SAMEA104142222	0.36350337433462904
G80444	0.4450548185375029
S2_001_025G1	0.2396727786311996
f8b03fac-7ae6-11e9-a106-68b59976a384	0.14687216294090702
SID9a888218-7ae6-11e9-a106-68b59976a384	0.09666564260589962
SAMEA7045249	0.46513487121436736
SID238_12M	0.4096539293507481
SID5636_prt	0.355500707415048
a86d4a76-7ae6-11e9-a106-68b59976a384	0.45530691596175926
SID69557cbe-7ae6-11e9-a106-68b59976a384	0.15901258394244538
G102369	0.3837200928985253
EGAR00001420577_9002000001374280	0.4529128129767176
SAMD00114732	0.36020833332961805
C16-20371-TZ	0.36717197055719936
M0x20MCx3335	0.540461950288261
W1.53.ST	0.31817284960798536
MH0151	0.5693667657369942
SID137_M	0.3788588317354024
S4_a_WGS	0.22897118989905907
CA_C10005IS2077FE_t4M15	0.3442679909468475
SID16846459_SF08	0.3211964691484069
SID713B072-11-0-0	0.40436084251122234
SID608_4M	0.35591612959218427
SAMEA7045212	0.385053396455407
MSM6J2K4	0.5861058381369708
SID713B069-11-0-0	0.458314767128247
SID40179385_SF06	0.28320695176996974
T2D-068	0.37796636557238755
PNP_Main_468	0.35487775095240653
M0x20MCx1599	0.36585972771362374
SID60338620_SF07	0.5653290864274707
G102257	0.15515534918027432
CSM7KONA	0.4805400308236372
SAMEA7045701	0.30768008023012217
LD-Run2-03	0.08030437436144751
YSZC12003_37179	0.42048119832974795
SAMEA7045484	0.311397373977239
GupDM_JO	0.10307854341227449
MH0164	0.375134614074681
G80455	0.23370622831232726
SZAXPI015226-14	0.31465849338478097
PRIMM0137	0.4157474625614235
CSM67UAQ	0.36217807900587484
M0x20MCx3418	0.34432175990682024
EGAR00001421147_9002000001543168	0.22618111585226416
SM18	0.32968596659011945
SID14911186_SF05	0.3955458014540979
SAMEA7045446	0.1508335891317778
EGAR00001763581_1000IBD00438	0.6022821693723718
MSM9VZJF_P	0.5248802486754134
HSM6XRVO	0.4733546070405079
M0x13MCx1299	0.3315665527577461
CCIS40244499ST-3-0	0.1350859352759274
M0x30MCx2515	0.3700778332605415
CCMD21703880ST-11-0	0.1814861887288137
DOF002	0.4025388791798046
PNP_Main_472	0.507266938365016
f958dae0-7ae6-11e9-a106-68b59976a384	0.2004058172247776
Ahn.Mel27	0.2786568829436264
SAMEA7045557	0.2730860957746409
PNP_Main_637	0.5681106262824019
M0x30MCx1623	0.20831517966154875
LD-13	0.3143323291202442
NLM032	0.56891812583169
M0x30MCx2871	0.48430216428239287
SRS020869	0.4563985611726549
EGAR00001420527_9002000001357298	0.39865909403591765
M0x20MCx3188	0.21524120642941208
M0x13MCx2005	0.29243289488357527
HMP2_J05447_M_ST_T0_B0_0120_ZK4CK8Y-01_C8GAAANXX	0.24966449755391343
SID13572279_SF07	0.4328445719991438
NLF007	0.5395100598011956
SAMD00114793	0.20453564030851207
PNP_Main_390	0.4952916368815705
EGAR00001420598_9002000001380625	0.3859999128375629
MH0066	0.4248418169568341
CRC_MR_SBJ67H_17	0.5187979438769749
G78496	0.3221547391640742
d2985aa2-7ae6-11e9-a106-68b59976a384	0.3810307783158127
SAMEA7045479	0.20778338203849916
G88887	0.4163202253012273
ecd5fd70-7ae6-11e9-a106-68b59976a384	0.41946690371066164
SZAXPI015224-13	0.3504020243555936
HMP2_J16524_M_ST_T0_B0_0120_ZOZOW1T-6022_HLH73BGXX_S19	0.29037773110947684
PNP_Main_625	0.4910928400635248
mix2_N707-N503_CTCTCTAC-TATCCTCT	0.6011238927728305
FAT_012-22-0-0	0.48981521845192827
SRR3992980	0.33855932368549807
HMP2_J08158_M_ST_T0_B0_0120_ZOZOW1T-6014_HCG2MBGXX_S11	0.3828386224859988
SID6be32c56-7ae6-11e9-a106-68b59976a384	0.25605194279161564
O2.UC37-1	0.4466195138133101
wHAXPI032587-26	0.32299770464387945
SAMEA7045711	0.36746043228948827
PRIMM0091	0.4641250856887576
a894d000-7ae6-11e9-a106-68b59976a384	0.25887019465742267
SAMD00165023	0.5430850634318447
MSM9VZJZ	0.33958902619075215
wHAXPI032811-54	0.49273584302178736
SAMEA7045659	0.2934915386852031
PNP_Main_456	0.4069870035869338
SAMD00164852	0.42884663625209374
EGAR00001420181_9002000001211829	0.4079993020345745
Sample_S25262_FMT_CC_10	0.41794741173100564
Travel059	0.26706663697080213
G80303	0.2872829336944856
LDK_6	0.49033798468404816
S2_016_015G1	0.2581642263915637
CCMD72690923ST-11-0	0.28028965627824687
LV-14	0.1874734523242586
M0x30MCx1683	0.3725243661841485
M0x20MCx2288	0.16513408393956153
EGAR00001421088_9002000001521670	0.4410778812562525
ca6cbd8c-7ae6-11e9-a106-68b59976a384	0.3986534807929648
MSM6J2ON	0.2550745283246177
EGAR00001763558_1000IBD00384	0.49351242160873265
SID201_4M	0.42849790364894347
MM050.3	0.12576211038573654
SID5414-4	0.30368797551240734
EGAR00001420575_9002000001373550	0.4030866734631917
PNP_Main_142	0.48992196408893496
SID01F_239	0.37250031556572677
SZAXPI017591-140	0.5322192503538321
SIDVOV56_metag	0.5708575313028148
caeb9dfa-7ae6-11e9-a106-68b59976a384	0.37748758197781884
CCMD51154251ST-11-0	0.44060005032938854
S243	0.47456844344187793
CM.521_WGS	0.3542923441481132
SID900d41fc-7ae6-11e9-a106-68b59976a384	0.1357874029919257
EGAR00001763553_1000IBD00370	0.4562231390761614
M0x10MCx2211	0.3267426822716764
EGAR00001420261_9002000001244089LL	0.30189899825334376
M0x30MCx1993	0.4357384521020745
HD-65	0.6134156193870416
SRR3993014	0.2872809018958532
LD-Run2-33	0.08617273044043539
DHAK_HBK	0.39345202519571315
SAMEA4719796	0.3355029915790175
G80364	0.4480354414069126
M1.5.ST	0.34404692236181944
CSM7KOJY	0.3918788624689412
M0x20MCx1325	0.21247673624248906
SAMEA7045107	0.33039916633644345
SID751f0a56-7ae6-11e9-a106-68b59976a384	0.147988182227584
d342fd68-7ae6-11e9-a106-68b59976a384	0.37507396346996735
PNP_Main_191	0.48423852110495913
SID100202	0.5017114730413949
SRS055982	0.3774498773639586
ea9f1046-7ae6-11e9-a106-68b59976a384	0.08190927412761143
P11E0	0.4429545314182053
DHAK_HK	0.3748828813131277
PSM7J18Q	0.3986685775833288
c006a81c-7ae6-11e9-a106-68b59976a384	0.08268621663265431
G102312	0.3750147347168317
SID15752525_SF07	0.42167083143129347
A02_01_1FE	0.27288108487900625
SID5466-4	0.5227586019603194
CCIS77100899ST-4-0	0.4098894039242265
MH0178	0.404153190769396
G69191	0.33872076934527373
SZAXPI015261-75	0.5961451723403489
PNP_Main_257	0.42145306433029983
SID8d1d85c4-7ae6-11e9-a106-68b59976a384	0.41470988523575497
MH0023	0.3082643371205289
PNP_Main_494	0.38054202877117677
EGAR00001773316_1000IBD00490	0.2930082912378258
a7911d3a-7ae6-11e9-a106-68b59976a384	0.45036644291568023
NCS-076-Stool-infant_microbiome	0.2515609087662502
EGAR00001420737_9002000001414035	0.3823062903772783
b0f76708-7ae6-11e9-a106-68b59976a384	0.2685096271867873
c4efcec6-7ae6-11e9-a106-68b59976a384	0.3528938512586322
SAMD00164900	0.472890878482888
SID30733891_SF08	0.6077142917481352
b501148e-7ae6-11e9-a106-68b59976a384	0.22392423720554025
EGAR00001763418_1000IBD00087	0.2732179004420563
V32_02_2FE	0.16604940487871872
SID672d49bc-7ae6-11e9-a106-68b59976a384	0.2177166448629049
GupDM_JD	0.32110517777382425
wHAXPI032600-47	0.6224015637478943
MMRS72802364ST-27-0-0	0.17512754250812623
CON-075	0.4367637170482099
M0x30MCx2188	0.174797642055909
MSM9VZL5	0.4893417117934726
M0x20MCx1512	0.21349833691472786
SID67d3f42e-7ae6-11e9-a106-68b59976a384	0.46889414679215075
MG100149	0.20690578038143775
CA_C10026IS2465FE_t4M16	0.29952242355921643
ae7e87ea-7ae6-11e9-a106-68b59976a384	0.21318178160539633
b10765fe-7ae6-11e9-a106-68b59976a384	0.4613280630771313
wHAXPI032590-29	0.4612272955193647
O2_UC60_0	0.5393200818363653
G80302	0.5177742004116751
M2.44.ST	0.35421221553607507
C16-20049-GH	0.2985850428957438
M0x11MCx3054	0.18945133284612684
N2_071_008G1	0.2379415462472872
PSM7J1CC	0.5741893169187046
e8c860b0-7ae6-11e9-a106-68b59976a384	0.4211732052108069
MM025	0.24596977960025318
G78512	0.3660624973304822
SAMEA104142139	0.5065816197490984
SID5488_wmq	0.32041895907834794
DHAK_HBW	0.30088961363378586
G88889	0.5291394639558483
PNP_Main_422	0.5096967942427671
SID11.BA.V_metag	0.5476017900268983
EGAR00001763522_1000IBD00309	0.3784685109536889
H1M513826	0.3953617597951384
Sample_S25259_FMT_CC_07	0.40776617831996986
p9193_mo6	0.28491179847503134
M0x30MCx1917	0.25633384951452465
SRR3992958	0.4533192314755993
HD-56	0.5692542355646174
CM.107_WGS	0.2878127085530627
de1beae2-7ae6-11e9-a106-68b59976a384	0.13841104329829074
G69228	0.40926630825183324
HMP2_J00855_M_ST_T0_B0_0120_ZL9BTWF-1013_HA986ADXX	0.5620873768007827
SAMEA104142168	0.43043393425758486
G78644	0.31034502397564795
CSM79HPO	0.43109102318442943
SID10306807_SF06	0.22575131330125003
M0x14MCx2814	0.3539347808025186
SAMEA7045857	0.3644624330085532
PRJNA231909.3109997	0.4874079845956726
a2a7a01e-7ae6-11e9-a106-68b59976a384	0.2624923914901181
G78576	0.44452911384848565
EGAR00001420152_9002000001198001	0.4243799609191142
SAMEA4719766	0.09321654031859375
ESM5MEBP_P	0.38432324300201
M0x30MCx2043	0.22722173468682774
SKST010_4_G102956	0.40852815122772884
SID030604	0.3301148323146994
SAMEA7045048	0.3303192392479138
EGAR00001420268_9002000001247124	0.4003705247511112
c2c985f6-7ae6-11e9-a106-68b59976a384	0.4208821988345217
W2.26.ST	0.4551839197741365
HMP2_J08149_M_ST_T0_B0_0120_ZOZOW1T-83_HCG2MBGXX_S2	0.3148870060297501
DHAK_HBD	0.5335890480556302
SAMD00114884	0.3674155534442493
HGKY7ADXX_PG0662_182A0217_H1_L002	0.37494076356606487
SAMEA104142422	0.42349472487116185
SAMD00114831	0.3170777459610069
U_VS-1592-169	0.21365057087275616
M0x11MCx2914	0.4593079720798472
YEZ_N-3	0.7249330371631681
S2_002_012G1	0.17482289924913902
dedb98ba-7ae6-11e9-a106-68b59976a384	0.23293670987170884
S69_a_WGS	0.4671395692316153
MM103.2	0.2296997828012811
A32_01_1FE	0.3135765033307047
CON-054	0.5299640505998312
SAMEA7045428	0.20982170472454648
EGAR00001420929_9002000001462195	0.3661666627352529
SID70616749_SF08	0.41277353216350204
SAMEA7045287	0.27694308910985654
SAMEA7045469	0.296624482524051
G89092	0.39014017319841876
EGAR00001420763_9002000001421826	0.3776263802394756
EGAR00001420486_9002000001343701	0.38753066610437376
SID01A_006	0.34930407246949857
SID6cd990dc-7ae6-11e9-a106-68b59976a384	0.17962612654395244
de028ad4-7ae6-11e9-a106-68b59976a384	0.34183634449608746
M0x13MCx2238	0.45323518703588006
CCMD93344354ST-21-0	0.5077023840536996
M0x20MCx3088	0.3329996192488327
SAMEA7045871	0.31584552191442655
CSM7KOPM	0.3685111313149471
SAMEA104142423	0.1089033388525382
V1_CD22_0	0.4635107753461737
HD-31	0.3822547397476851
SID7d36da20-7ae6-11e9-a106-68b59976a384	0.1871466837071745
SAMEA7045590	0.318498092900064
CSM79HLE	0.5490536514921532
YEZ_N-10	0.680824642143035
PRJNA231909.3110086	0.4871984782663818
M0x10MCx2177	0.3803264595803873
G102272	0.15090139566373592
EGAR00001763563_1000IBD00395	0.4474701883588084
HGKYWADXX_PG0662_249A0402_H1_L002	0.47117550368818795
EGAR00001763520_1000IBD00304	0.40125461328378487
EGAR00001421031_9002000001491437	0.5229399484098959
EGAR00001421213_9002000001577190	0.39611949989579825
EGAR00001420534_9002000001359499	0.5540634505466322
SID71869016_SF08	0.3453414248039888
MM045.2	0.27541360452454994
M0x20MCx1369	0.3226859382732014
YSZC12003_35515	0.4175723430434132
G89263	0.5026127452404732
SID30594510_SF07	0.36428938777292014
SAMEA7045013	0.28255125029054523
SID9309d4a6-7ae6-11e9-a106-68b59976a384	0.1487542189076967
AS132raw	0.456694038074199
M0x30MCx2450	0.341767721299646
PNP_Main_12	0.5052217750722289
S2_009_023G1	0.24180981280496566
SID128_4M	0.27952724167601434
p8646_mo12	0.4680911528398089
b2488362-7ae6-11e9-a106-68b59976a384	0.2135906462669791
SID60238506_SF05	0.5153783824031503
LILT_VF07_16	0.24492653840907178
e5cbb70e-7ae6-11e9-a106-68b59976a384	0.20050173332471166
EGAR00001763666_1000IBD00627	0.3769111577014103
SID18131061_SF06	0.25705939644147213
G80610	0.2717709748114092
SID8bf12836-7ae6-11e9-a106-68b59976a384	0.43926366628255864
AS62_3	0.40448933400354126
G89143	0.5686366630651397
CSM5MCXD	0.4605862127724993
MH0074	0.2676718181427807
SID397_12M	0.5385531787652188
SID5448-3	0.41999371947951486
SAMEA104142099	0.5540751660352362
V1.UC63-0	0.42597329187265603
G104621	0.4966596301643009
G88909	0.47619553852874
b6a868b4-7ae6-11e9-a106-68b59976a384	0.2661452385681622
nHM411801	0.43192332677106626
fa6240a2-7ae6-11e9-a106-68b59976a384	0.26115203291527367
M0x20MCx1421	0.4519847420515893
EGAR00001420854_9002000001444393	0.32472806289159745
LV-24	0.35728618828261577
M0x30MCx2418	0.21261641343209414
O2_UC37_0	0.35120264047904176
SID332_M	0.4760960758301089
SRR3992992	0.2303709877632709
HMP2_J05418_M_ST_T0_B0_0120_ZLZNCLZ-03_C934HANXX	0.4720131686292062
AS64_6	0.41939102709986453
CCIS62794166ST-4-0	0.3544625857980083
SAMEA7045913	0.3114355083035042
p9223_mo4	0.3787522615898854
T2D-102	0.1853808860123703
SID9a384708-7ae6-11e9-a106-68b59976a384	0.2964515799252296
PNP_Main_781	0.3519004899812708
G78840	0.47031436198749477
V1_CD21_0	0.3503618068791596
G104655	0.28654031850440714
SAMEA7045042	0.3598855713086146
PRIMM0111	0.3835998385378831
wHAXPI033598-32	0.5344141286403177
SID50682950_SF05	0.3780156610058089
PRIMM0129	0.37499776247618144
Ahn.Mel47	0.3824248991805746
EGAR00001421089_9002000001522195	0.493053012141417
M1.65.ST	0.3118817362400997
MSM6J2JP	0.2650796582938549
T2D-004	0.46950606690916186
G78535	0.5029391846322611
EGAR00001421111_9002000001529614	0.36080513486727406
CCMD64776337ST-21-0	0.3271010096179253
HD-4	0.6506196752515111
S354	0.14262064482656064
HSM7CZ2X_P	0.3973999027926326
MMRS71238091ST-27-0-0	0.45575953160779153
SAMD00114728	0.08566483915863768
b8980558-7ae6-11e9-a106-68b59976a384	0.5028438100843321
SAMEA104142300	0.25298001554077976
SAMEA7045102	0.24530618808572324
SID15785561_SF06	0.684192467067948
SID713B057-11-90-0	0.2628044047789179
SID05.PR.VG.1	0.4035208844669958
U_VS-1686-403	0.204468208012213
SID060101	0.24885075595186593
c54efc52-7ae6-11e9-a106-68b59976a384	0.2840621630822328
SID587_M	0.5442914955498102
N2_038_011G1	0.11123854429972697
G89139	0.44728728866319123
G69199	0.22864294936074855
SID18425216_SF08	0.1992848924977325
SID30538791_SF06	0.418126409232878
SZAXPI017580-90	0.3763171012577809
M0x14MCx1583	0.6243406200470984
SID633_M	0.5394226094220287
T2D-036	0.30133373193344576
S2_004_017G1	0.4437714095383896
DLM002	0.39887985690424976
f8f2bfd0-7ae6-11e9-a106-68b59976a384	0.19289202524694946
YSZC12003_35552	0.46359317062726035
G78619	0.5042003005030874
PNP_Main_358	0.4831500825313763
M0x30MCx2413	0.37366838439304245
M0x20MCx2622	0.23476129631166756
PNP_Main_236	0.4879356360706506
SID66c8bc9a-7ae6-11e9-a106-68b59976a384	0.2523780423329706
PNP_Main_605	0.3779851718974523
PNP_Validation_79	0.5223310974561637
NO02	0.5664667411024966
SAMEA7045198	0.4088242827578782
HSM7J4IP	0.4481370665947926
PRJNA231909.3110006	0.4901502894792526
SAMD00114760	0.09594596601213334
G88920	0.32517183762789814
EGAR00001773305_1000IBD00331	0.1583650814221909
SID6c4afab6-7ae6-11e9-a106-68b59976a384	0.24284905720293812
SID70863791_SF06	0.35345788348745455
SAMD00164971	0.35831752297868036
SRR3992989	0.2980265170965506
O2_UC11_0	0.2489244282349361
d0b240ea-7ae6-11e9-a106-68b59976a384	0.16673494602674382
SID5451-3	0.25318786904646323
SID78_12M	0.465024981485728
HSM67VHJ	0.39333410163869165
M0x30MCx1586	0.4074569868675833
EGAR00001763486_1000IBD00228	0.3798537875598478
PNP_Main_645	0.43200481741125096
M0x10MCx1493	0.2557152271510975
c6ce4eb6-7ae6-11e9-a106-68b59976a384	0.5448689349797329
M0x20MCx2335	0.18362467755832193
EGAR00001763636_1000IBD00567	0.38986800269358723
M04.5-V3-stool	0.3475225364909466
pluto4-11-30-0	0.35949725290430734
G78590	0.5133484165003743
PNP_Main_765	0.4603711662430921
MSM79H8L	0.4003444638853361
M0x10MCx2602	0.2073443070492171
PNP_Main_497	0.5671122111263414
S27_a_WGS	0.32614720779064754
M0x14MCx2453	0.5321654923376371
ESS-0302	0.15797166682934657
M0x20MCx2542	0.4043633921976711
PNP_Main_209	0.5184071074145479
SID713B056-11-90-0	0.3088774822779356
HSM6XRSZ_P	0.3867938102338938
FMT_29_t90	0.07327662500213608
SID70fbe692-7ae6-11e9-a106-68b59976a384	0.17655229397721423
V1_UC17_0	0.15930503815921337
G89138	0.5054427267579152
G78791	0.3727167844159535
G88781	0.4877891039636855
G78629	0.4613121052416213
EGAR00001420287_9002000001255019LL	0.35709190501166893
SID9a06cb74-7ae6-11e9-a106-68b59976a384	0.45893539725741156
SID713B073-11-90-0	0.3704087247834443
b53fabfe-7ae6-11e9-a106-68b59976a384	0.30982595711791155
G78631	0.2365633648459481
CSM5MCYU_P	0.27141897985362906
SID010202	0.2863545373399024
SID70596794_SF08	0.5168983305283654
M0x20MCx3199	0.19980009106520605
p9061_mo3	0.3466005285488238
S2_004_010G1	0.25452737718273205
G89174	0.5029702512361289
CSM67UEW	0.4400091279860076
SIDVOV58_metag	0.3172451421446946
M1.59.ST	0.307961753852554
SAMEA7045126	0.32646349588908097
SAMEA7045652	0.3849405123665054
EGAR00001763667_1000IBD00628	0.2575189662322809
H2M614929	0.5181422618869121
HSMA33QO	0.3356071979313529
M0x30MCx3167	0.24452641990061386
MM042.2	0.1404973560812832
Sample_S25261_FMT_CC_09	0.37310345899390496
SID72233627_SF06	0.42584881608348885
bdc90a54-7ae6-11e9-a106-68b59976a384	0.2388344518942727
M0x10MCx3318	0.2587616940986628
DHAK_HC	0.3973529264283174
M0x20MCx1848	0.2494640034176239
MSM6J2PS	0.5541390870865749
d6579022-7ae6-11e9-a106-68b59976a384	0.4182182071301336
SAMEA7045675	0.35920180310639954
N2_031_018G1	0.21878910391495793
S2_010_016G1	0.17158496741601117
SID5473-3	0.39476243885613943
HD-51	0.5352887269005757
S288	0.4616760405583645
CSM7KOR8_P	0.5139815799144869
P13E90	0.5121227100922777
SID060102	0.2981307777323806
GupDM_HAJ	0.7257518454301675
CRC_MR_SBJ47C_17	0.3397477269594527
EGAR00001763469_1000IBD00192	0.5293677357976477
SID19113791_SF08	0.4710380420772807
LD-Run2-36	0.17746734633214303
CA_C10055IS2969FE_t3M16	0.28798411858630585
FMT_19_t90	0.26940403321355444
SID72d9530a-7ae6-11e9-a106-68b59976a384	0.6547118032391714
LILT_VF264_T017	0.3655195721269201
SAMEA7045375	0.25193649817012626
EGAR00001420642_9002000001391520	0.32948057821021
wHAXPI032799-29	0.49031280096414886
CSM67UBF	0.27783475690431264
PRIMM0219	0.4075965121475096
SID887747d0-7ae6-11e9-a106-68b59976a384	0.43558166149468147
MSM5LLHA_P	0.5368831650488732
CM.194_WGS	0.1874300761930373
b4cc91c8-7ae6-11e9-a106-68b59976a384	0.16986965561557082
CCMD72895164ST-21-0	0.44614446242057376
daisy-11-0-0	0.4836162305653693
SAMEA104142452	0.6352936029703108
bd46d494-7ae6-11e9-a106-68b59976a384	0.2935583093206436
f8d1e4cc-7ae6-11e9-a106-68b59976a384	0.18665281579036994
G104677	0.3836996795869019
f152f8a8-7ae6-11e9-a106-68b59976a384	0.13492559223601042
PNP_Main_552	0.4154728864138239
M0x30MCx2316	0.34500834916183637
LV-4	0.4394958218330377
S158	0.36358740337811635
e734a420-7ae6-11e9-a106-68b59976a384	0.3151998316133384
MSM6J2RA	0.2983925405636933
MMRS62192467ST-27-0-0	0.5994583029100521
EGAR00001763458_1000IBD00161	0.48711480688130054
EGAR00001420797_9002000001428792	0.3490913207364842
bef22b40-7ae6-11e9-a106-68b59976a384	0.11071159480507439
dd9e65b8-7ae6-11e9-a106-68b59976a384	0.34654221880187647
SID5451-4	0.23416867202343644
SAMEA7045490	0.3430626668604855
G78862	0.27859577835161703
M0x20MCx1125	0.3841529168484408
V1_CD41_0	0.34008694166737957
M0x20MCx2483	0.4162880859904034
SID13512031_SF05	0.3352029019154154
PNP_Main_393	0.4003952455483396
EGAR00001420209_9002000001225468	0.3272709952431
CON-009	0.5421578951632342
EGAR00001420260_9002000001244042	0.24774800292388952
e7e74cba-7ae6-11e9-a106-68b59976a384	0.4681956455873276
ESS-0394	0.4852996579809289
V1_UC16_0	0.6449498497454471
C16-20646-TZ	0.2805750711340835
SAMEA7045217	0.4258304394316923
A94_02_1FE	0.4151901350189115
CA21	0.3826023851305701
G78905	0.2450069445882358
SID560_12M	0.43308435354149794
SAMEA104335942	0.3518358723671971
S2_003_019G1	0.3062001132148526
SID10807867_SF05	0.4450598107137253
CM.239_WGS	0.3307515693543508
CCIS29210128ST-4-0	0.459164334999156
f86cdcda-7ae6-11e9-a106-68b59976a384	0.19606150305224573
MSM5LLHO_P	0.49876576509544057
M0x20MCx1763	0.3060668706220962
mix3_N706-N506_TAGGCATG-ACTGCATA	0.5789936564506906
EGAR00001420597_9002000001380545	0.3502378156805701
SID08E_041	0.5402004970558514
G80609	0.10966773507914213
V1_UC24_0	0.5473141221225212
G88903	0.35906778087573293
e2aa4144-7ae6-11e9-a106-68b59976a384	0.1658790161366439
G78721	0.41745459570946003
PNP_Main_657	0.5879623163893328
NOM009	0.5179553624180308
AS62_24	0.535080967824066
EGAR00001420235_9002000001233100LL	0.5192493261850457
HMP2_J09131_M_ST_T0_B0_0120_ZMGT937-05_C93B2ANXX	0.3753823111368729
MH0271	0.5853019169912166
HGKMWADXX_PG0662_92A0617_H3_L001	0.1408329696285131
YSZC12003_35740	0.44449784583395824
G102302	0.258030221095759
SID5415-1	0.5251372321909364
SID5457-2	0.4675022339284898
EGAR00001420701_9002000001405018	0.4435079718026627
SID20029305_SF08	0.36159520827077063
LV-21	0.23850867117776928
G102212	0.4680432667803905
G80279	0.44823574209854183
e9056b0e-7ae6-11e9-a106-68b59976a384	0.3208622350848605
G78775	0.3477923125328454
EGAR00001763514_1000IBD00287	0.4360149191997331
SM25	0.28106744324936517
H2M513933	0.5681216841485223
M0x10MCx2224	0.45462169583441986
G89156	0.5363008077733582
SAMD00114967	0.5317334887364455
a2c0477c-7ae6-11e9-a106-68b59976a384	0.17984787586263418
SID268_M	0.5064870368528579
YSZC12003_37097	0.3660568327158244
GupDM_A5	0.28342353314617824
PNP_Main_762	0.47663920751197303
SID5629_hiu	0.29536919143321233
MH0288	0.5421671555257628
M01.5-V3-stool	0.5660054945912187
SAMD00164871	0.40632878864745825
M0x30MCx1199	0.19136883724356601
SAMD00164968	0.1439261739810729
PNP_Main_24	0.5078411581795015
N2_069_029G1	0.2992658453778596
T2D-107	0.3833801365303284
SID12293355_SF06	0.41638329526202045
NOM022	0.5320006183378189
YSZC12003_35577	0.39936517047952536
M0x12MCx1237	0.2113481675231403
DHAK_HF	0.2172395763482477
T2D-088	0.3601451117860562
c13b79a6-7ae6-11e9-a106-68b59976a384	0.22902189607984438
SID71041789_SF05	0.446804791207468
e76fff84-7ae6-11e9-a106-68b59976a384	0.4547716149633652
PRJNA231909.3112419	0.5186689726040122
M0x12MCx2763	0.2972609983550957
CCMD79349503ST-11-0	0.5196849014605419
G104674	0.5499986602946927
MSM79H8D	0.4832394205480358
M0x20MCx1224	0.25806355173279083
SAMEA7045180	0.2942163444393649
EGAR00001420303_9002000001261286	0.3683701986133113
ESS-0590	0.7513021916173455
G88743	0.3661784755483174
SAMD00114821	0.34679476835532264
SID10650433_SF05	0.36890162383400366
SID8daa11c4-7ae6-11e9-a106-68b59976a384	0.20576893712248054
SAMD00114953	0.4441106975020213
EGAR00001420596_9002000001380210	0.3742506437550389
HMP2_J00841_M_ST_T0_B0_0120_ZLZNCLZ-1013_AC9387ANXX	0.4793615597560156
wHAXPI034457-58	0.4742868358033698
CCMD35633353ST-11-0	0.19210777351654126
SKST027_10_G102936	0.15442642543571344
CA_C10005IS2069FE_t2M15	0.36509818085025797
SID5470-4	0.4969046091652269
AS63_12	0.2556977290073206
SAMD00164859	0.43499275917878455
SAMEA7045681	0.3561511219971757
SID140101	0.37806820813842007
SKST032_2_G102946	0.44199251445646487
SID530074	0.4783754970973247
SKST014_3_G102978	0.45064869339650687
HD-36	0.6761025265906998
a73be554-7ae6-11e9-a106-68b59976a384	0.36198522785938714
EGAR00001420934_9002000001462687	0.3376395825503459
PNP_Main_585	0.39186529699132255
O2_UC54_2	0.5597957003265226
MM057.8	0.464554197291914
S2_014_020G1	0.20781145059822137
SAMEA2017459	0.33438735844313444
M0x20MCx3306	0.2665378141307761
CCIS50471204ST-4-0	0.4754321929627388
LILT_VF259_T016	0.4121201428803875
M0x10MCx2691	0.30885429371893924
G80591	0.20420086686849045
MMRS39415781ST-27-0-0	0.4694922476067062
HSM67VFX	0.35040449558989223
SID01I_012	0.40839487323528556
H1M412844	0.47892587518430463
SID40908322_SF07	0.3604158340540891
SAMD00114979	0.5315578738937667
N2_065_022G1	0.3881747317163594
alien2-11-0-0	0.5003055321630065
SAM_31	0.5227786661673908
M0x30MCx3100	0.12589019142332666
SID7a64433c-7ae6-11e9-a106-68b59976a384	0.1766512528343234
SAMEA7045474	0.2602614995293117
NO04	0.5124073628454229
G88853	0.32203941989107676
M2.57.ST	0.4058282471995376
MMRS11664448ST-27-0-0	0.5941307806883027
S118	0.5612969074910741
LD-71	0.26243383352256333
V1_CD35_0	0.3348268910307577
nHF611623	0.2507557070615296
PNP_Main_41	0.3205604903553217
M0x13MCx1175	0.23699747376749633
SID700c8430-7ae6-11e9-a106-68b59976a384	0.5454243597170239
ca3f28fe-7ae6-11e9-a106-68b59976a384	0.2566364822732706
BCN-09_1	0.5301779877101622
SID11837804_SF05	0.5206284252804386
G104708	0.5502660930554542
HCO64	0.19455508874036928
SID81a229d4-7ae6-11e9-a106-68b59976a384	0.10063987502165231
CCIS50561855ST-4-0	0.350542080634639
SAMEA7045740	0.3069102751798845
M0x30MCx3260	0.25897545792368004
M0x10MCx2340	0.5242723155803556
G78600	0.3676591838553382
SAMEA7045519	0.3098862223096495
OBK2535b	0.1746290086368785
M0x10MCx2301	0.13318486227188206
SID7ec72f16-7ae6-11e9-a106-68b59976a384	0.10447019530993275
G102293	0.4085877979622865
MH0131	0.21997506444294287
M0x30MCx2836	0.2644757346318334
e0d9e07c-7ae6-11e9-a106-68b59976a384	0.15861092093038925
MH0116	0.4903790941205808
MM101.1	0.36152572925585497
M0x20MCx2820	0.17517653518171944
M0x20MCx1641	0.35949171131678087
A39_01_1FE	0.46980652157229486
G78615	0.44333420468998164
SID17437941_SF06	0.27292181330227533
EGAR00001420591_9002000001378600	0.42751350900449947
SAMEA7045587	0.22728189629513934
SAMD00164867	0.38682438924149837
M0x20MCx1360	0.21705566932438008
CON-057	0.42778529312253105
M0x30MCx3025	0.2578622011555529
SAMEA7045327	0.3082767953000579
SID5433-2	0.31287663434374735
S2_009_027G1	0.2618324246184845
SID14590405_SF08	0.45341218820460777
SID60097006_SF08	0.3183767985222851
O2_UC17_0	0.16662610264879105
DHAK_HY	0.4653615769326331
nHM412844	0.5273022159701118
HSM6XRQU	0.40635854778848046
SID180_B	0.1346925711136892
G78655	0.4043054166996877
EGAR00001420696_9002000001402983	0.49791421376057277
M0x20MCx2368	0.18149408009607107
SID030702	0.26307065279117003
PNP_Main_33	0.6093603013480062
SM24	0.4145684233631605
SAMEA7045531	0.29334214987381313
EGAR00001420552_9002000001366054	0.39771381616802726
HSM6XRVC_TR	0.4016139217134092
O2.UC28-2	0.4970178380161803
G80417	0.21144477643390036
M0x10MCx1847	0.1115440411120503
SID9613c580-7ae6-11e9-a106-68b59976a384	0.10288950438986182
SID1_4M	0.39923628225415936
SID18.PR.V_metag	0.5413889056949995
MH0337	0.29599871342109807
M0x10MCx2939	0.4961476029951255
G78616	0.28602648609824216
CM.445_WGS	0.4240391587635084
MSMAPC7P	0.5389662660342441
N2_031_008G1	0.14065682027854437
PRIMM0589	0.3889867526782506
MH0342	0.47205269660699545
M0x30MCx2072	0.2235656027111325
MH0381	0.3900823359926291
frank_P66	0.2697220957458872
MH0172	0.37007973209928297
AS43_6	0.5172241042055051
SZAXPI015257-56	0.4266169119051115
SRR3992974	0.32157878676038026
SID10713431_SF07	0.5681530158915483
G78667	0.2578770887420569
SAMEA7045330	0.33240564125989486
EGAR00001763611_1000IBD00511	0.5349600623196008
EGAR00001763704_1000IBD00701	0.46086215069022357
MG100156	0.5494382730607345
SID18346018_SF05	0.5417786527481137
SID7fded584-7ae6-11e9-a106-68b59976a384	0.41781753489803425
G80440	0.5271486361361093
EGAR00001420451_9002000001333895	0.5588984403564599
CCIS63448910ST-4-0	0.3975502784265121
SID727c3062-7ae6-11e9-a106-68b59976a384	0.5480452885225974
wHAXPI033833-63	0.5949280766157847
EGAR00001763651_1000IBD00599	0.4084386935770246
SID15586956_SF05	0.47418999831171504
HV-22	0.5249386427156615
PRJNA231909.3108490	0.5022583487455926
SID71909603_SF05	0.45003114268092975
M0x20MCx1619	0.2730500260047515
acdb450e-7ae6-11e9-a106-68b59976a384	0.2528127176663321
SAMD00114971	0.37018187662062674
MH0111	0.5110836934036334
SAMEA104142253	0.1863930996052918
EGAR00001421165_9002000001553020	0.542420565176311
EGAR00001420960_9002000001470400	0.3887578157092999
G88701	0.4968170898254592
G88854	0.3829669681827767
S2_012_007G1	0.08280111802304865
PNP_Main_782	0.42808313098069806
SID73f4ddcc-7ae6-11e9-a106-68b59976a384	0.4676895395384921
G88780	0.35149033224117804
ESS-0419	0.42182738691009
M0x20MCx1845	0.20158078333159557
NOM012	0.5468070040003015
LILT_VF38_16	0.38093140678534215
PRJNA231909.3101336	0.4676922499634317
EGAR00001420958_9002000001469937	0.32216681721398893
FMT_37_t15	0.3860632421283617
Travel021	0.4021309997156566
M0x10MCx2200	0.38656832526364276
DLM006	0.5278194552368738
CA_C10023IS2393FE_t2M15	0.295480414566183
CRC_MR_SBJ50C_17	0.32053845273352166
M0x30MCx2661	0.4839546639779052
PNP_Main_341	0.5304052041778263
PNP_Validation_68	0.46907444085147126
M0x12MCx1244	0.18253258589528307
MSM5LLFK_P	0.23476547144960747
SID62a29866-7ae6-11e9-a106-68b59976a384	0.13284583937354866
MM023.2	0.24892910399340645
M0x20MCx2465	0.3675667317251615
M0x20MCx2628	0.35369232149946106
NLM004	0.3724322474488286
MH0167	0.49182936449127745
M0x30MCx3021	0.15616072850296628
acad4cb2-7ae6-11e9-a106-68b59976a384	0.1923991377186674
W3.17.ST	0.5510864933673786
PNP_Main_410	0.5086900539601751
HMP2_J43827_M_ST_T0_B0_0120_ZVBQY1N-01_C93B2ANXX	0.6479138291977343
SAMD00115040	0.35871734163171964
FMT_42_t15	0.2582221667928173
SID22.TO.O.new	0.35033207872151795
p8808_mo4	0.4461868716481418
SAMEA7045350	0.31319395878044687
SID5479-2	0.4954859500930112
p9216_mo1	0.41008621565711356
M0x30MCx1314	0.5869287541622412
CON-007	0.4216978727306015
PNP_Main_130	0.4382165231478218
eece6414-7ae6-11e9-a106-68b59976a384	0.059612787510862464
SAMEA104142082	0.13280762567426016
SID60101845_SF08	0.3215715279971828
MM005.1	0.3202975707105771
SAM_17	0.6245438354138696
SRS017521	0.3280920615777339
MV_FEM5_t1Q14	0.32053218796224997
M2.50.ST	0.38795964556962415
PNP_Main_56	0.5760698687230212
ESS-0172	0.3988261589177383
S2_008_011G1	0.1716156877434645
G104681	0.37398004266485363
HJK7MADXX_PG0783_04A0104_H1_L002	0.4506255637558912
CCIS16326685ST-4-0	0.42957559361427966
ESS-0435	0.1593776152541669
A55_02_1FE	0.35829938035871456
SID93916f7e-7ae6-11e9-a106-68b59976a384	0.18345129400125054
CSM5MCVL	0.29056926919055504
SID983b6854-7ae6-11e9-a106-68b59976a384	0.08073112818873245
bddbbeba-7ae6-11e9-a106-68b59976a384	0.151074916205088
SAMEA7045408	0.32008748492167766
S2_011_017G1	0.1518440185862483
O2_UC4_0	0.13840437739717185
S2_003_007G1	0.14892498475612162
EGAR00001421112_9002000001529991	0.3763658023217643
A22_01_1FE	0.41643684921160967
SAMEA7045028	0.3085877694949954
SID99aef624-7ae6-11e9-a106-68b59976a384	0.5220058518834001
SAMD00114859	0.4782911771787217
MH0020	0.48722646011797516
SAMEA7045399	0.38516139147848344
SID10549563_SF07	0.27144706223324233
CM_A06_I1_18	0.3666063272566331
CCIS22906510ST-20-0	0.4303969709632361
a512f01a-7ae6-11e9-a106-68b59976a384	0.1962814952816097
M0x30MCx3249	0.16754323119374107
C16-20474-TZ	0.5248690202528803
G89051	0.4246446883821704
M0x30MCx2570	0.4203275093509251
SRS019601	0.38297931010105246
M0x11MCx1826	0.47830628025680855
MSM6J2MD	0.22378596123020097
S155_a_WGS	0.49984548051931454
EGAR00001420903_9002000001455557	0.4170954638513173
G89250	0.4010570313509764
CCIS46467422ST-4-0	0.3804428119287583
M0x20MCx3296	0.2326971887873149
G102263	0.26914073011949335
MSM9VZFT	0.2869652340261481
NO22	0.35816637688070146
SID42_12M	0.3578976134946866
SID332_12M	0.3482881778378301
PRIMM0563	0.5488816182864632
DLF014	0.3701236535642209
HSM7CYX4	0.4278567532933518
SID08.TO.VG	0.44071148243294345
AS15raw	0.5196523781881717
HSM7J4OZ	0.44508063049021646
SRR3993057	0.34760850288411715
SAMEA7045405	0.275226027916183
G78673	0.322613956512156
CCIS11362406ST-4-0	0.4548153721663116
SRR3993001	0.39733683596909375
NLM026	0.49290916671459134
YSZC12003_36033	0.5451544402584032
SID51006340_SF05	0.33452267066811603
PNP_Validation_54	0.3232371345142228
MH0389	0.27712770515705587
SRR3993032	0.40274591550719024
SAMEA7041146	0.22371963154789842
CA_C10008IS2123FE_t2M15	0.2596095679747598
N2_071_021G1	0.23545184279434583
M0x20MCx2187	0.40437212004124656
G88908	0.24064987098600615
SAMD00164769	0.37229227673515697
M0x12MCx1749	0.20102968765188747
PRIMM0423	0.2270835482038448
M0x20MCx2923	0.2857684764446014
YEZ_N-17	0.6831759681473671
ec64450e-7ae6-11e9-a106-68b59976a384	0.16070247336898413
GupDM_A_11	0.1775259600844177
PNP_Main_740	0.5377050612477454
SID8561e550-7ae6-11e9-a106-68b59976a384	0.1991008640707679
wHAXPI033817-31	0.3618123056391002
SAMEA104142230	0.3994394180497738
SID11078743_SF07	0.46089236949133483
SAMEA7045292	0.25464598331373683
PNP_Main_90	0.5479718388362375
f34f8770-7ae6-11e9-a106-68b59976a384	0.36412800142466833
G78622	0.5007256206585277
PNP_Main_75	0.5769703311938544
SAMEA7045573	0.26871116050333177
V1.UC54-4	0.5498733507825648
e6800d9e-7ae6-11e9-a106-68b59976a384	0.40169881933432267
SID140304	0.25880105475541476
HSM67VCX_P	0.2660781773726345
SID17208485_SF07	0.41882738756787463
HSM5MD75	0.4013692441468653
CA27	0.3301509065677665
EGAR00001420355_9002000001278158	0.2442345472100117
SID33.PR.V_metag	0.5362809838205425
SAMEA104142073	0.4723693762207402
CM.147_WGS	0.44081040973753527
YSZC12003_36052	0.4361917140477027
S646	0.2780616871750263
G102366	0.46954486221508007
NCS-013-Stool-infant_microbiome	0.24201098824192344
PSM7J13Y_P	0.46398930684803646
a5d5881e-7ae6-11e9-a106-68b59976a384	0.08018979650454362
SAMEA7045614	0.2878248245726276
M0x14MCx2162	0.4479884757234486
SAMEA7045580	0.30731791329034447
frank_P61	0.42146630654283995
alien-11-881-0	0.5558767301994114
EGAR00001420467_9002000001338416	0.5011622233056687
M0x14MCx1249	0.3304712129484107
SAMD00164933	0.555051181606245
SID50745639_SF06	0.26822388941870107
CON-062	0.469009218325908
EGAR00001420676_9002000001398110	0.21843673359766952
scavenger-11-2-0	0.5264012377685374
CSM79HKV	0.21992978658698575
M0x30MCx1342	0.2420596043319493
SKST011_5_G102993	0.4156142607574517
CCIS71301801ST-4-0	0.4170312299956826
PNP_Main_465	0.24033855447407368
MG100143	0.33120371780250907
MMPD37940420ST	0.26220512709083477
V1.FI02	0.46338946790135355
CON-006	0.4626905149555633
MSM5LLIG_P	0.41064445098032476
SID572_4M	0.24704427462409378
PNP_Main_459	0.4173014859129513
M1.27.ST	0.3981907220671124
SID713B063-11-90-0	0.30712111694441246
H16	0.19838688435082982
CSM7KOQ1	0.3926525400315082
N2_071_015G1	0.386385263934543
SAMD00114727	0.309373533009864
EGAR00001421106_9002000001527262	0.25092216373411386
CCMD42956136ST-11-0	0.31495385080833244
SAMD00114950	0.39733669270643945
EGAR00001763478_1000IBD00205	0.224270564148429
frank_P64	0.18700151765937356
SID16063055_SF07	0.17984601606749245
EGAR00001420269_9002000001247760LL	0.3649093374007984
PNP_Main_533	0.49552715451769624
FMT_40_t0	0.20827973426638777
EGAR00001420206_9002000001224326	0.4821092461236236
G78565	0.4510668707522312
EGAR00001420394_9002000001296521	0.34347201017024176
M0x20MCx3119	0.2961603479116763
MG100157	0.5475197636143893
O2_UC27_0	0.44235785726705323
M0x20MCx2702	0.289209727313729
SAM_14	0.4264964090246903
HMP2_J00845_M_ST_T0_B0_0120_ZLGD9M0-05_AC9387ANXX	0.42064930460513605
EGAR00001763607_1000IBD00505	0.34030565678894953
SID45_4M	0.41197380666351185
M0x14MCx3348	0.3405749477930339
SIDVOV79_metag	0.4188645268486502
SAMD00114919	0.4486771266085273
p9220_mo2	0.47711602767048533
S2_009_012G1	0.23111714356836363
EGAR00001420680_9002000001399449	0.3894067480176081
SAMD00164930	0.5479412033252237
PNP_Main_245	0.47705433522379964
SID40930194_SF05	0.40503040737816964
PSM7J127	0.5257713612697299
Travel026	0.37660212064294557
G104633	0.5663783577846087
SAMEA104142185	0.4021353511710781
SID133_4M	0.29086629896874294
AS9raw	0.7245649000870964
M0x20MCx2118	0.46110480270333065
YEZ_N-12	0.5229706397650712
G89072	0.46684336755111844
A47_02_1FE	0.28959805112778525
PNP_Main_337	0.5300387447392662
HMP2_J15231_M_ST_T0_B0_0120_ZY7IW45-02_BHLVVGADXX	0.42829754009894466
SID40700151_SF05	0.3976599376314595
MSM6J2PQ_P	0.28013454822537265
CM.219_WGS	0.26333506538482226
EGAR00001420657_9002000001394021	0.37020895012863797
M0x11MCx1274	0.18926111376867305
G89078	0.4619874917484896
G80563	0.5151347375389851
MM033.2	0.3286213143002117
SAMEA7045845	0.24143883271530858
HMP2_J43804_M_ST_T0_B0_0120_ZLZNCLZ-06_C93B2ANXX	0.4402171986924904
SAMEA104142310	0.029007308360246384
EGAR00001763386_1000IBD00035	0.34779437085754566
M0x20MCx2084	0.28111546222055306
Travel018	0.39146790722588987
SID92d03ea8-7ae6-11e9-a106-68b59976a384	0.23410093684104658
SAMD00115031	0.17648545556671053
M0x30MCx3070	0.451439160472405
SID94ec5032-7ae6-11e9-a106-68b59976a384	0.26024134291419104
SAMEA104142218	0.42557918602831624
SID8dda0938-7ae6-11e9-a106-68b59976a384	0.23695596233610142
YSZC12003_37331	0.4996535086267945
wHAXPI032596-40	0.5963269231187114
HCO53	0.34764082111713185
O2.UC23-1	0.2577889863855721
M0x10MCx3043	0.20339569860475742
HMP2_J16513_M_ST_T0_B0_0120_ZOZOW1T-70_HLH73BGXX_S8	0.3713125222574203
H3M516909	0.34140405608576735
LILT_VF207_T017	0.32183503032968047
MG100162	0.495391889375244
PSM6XBSK	0.41380727742326273
SAMD00164849	0.4199216110630576
EGAR00001420110_9002000001171133	0.4192564722995556
LV-22	0.1613071007449803
G80382	0.3739709279234067
SID50724929_SF08	0.26401995823839625
P9E7	0.487740643002809
EGAR00001420292_9002000001256590	0.36844645350244654
SID88f79ade-7ae6-11e9-a106-68b59976a384	0.1753875722765362
EGAR00001420736_9002000001413760	0.35152181382043607
SID5441-2	0.37855181107079716
SID5428-2	0.452139940827416
SID16545524_SF07	0.41499553768362113
S2_005_023G1	0.19248078950890174
CM.580_WGS	0.45059885467767175
LD-25	0.3635873118514538
nHM511720	0.49866855932543075
M0x30MCx3143	0.2036248350785151
M0x10MCx2435	0.5349187607997404
SID74ebfba2-7ae6-11e9-a106-68b59976a384	0.16583410923882438
SID09.PR.V_metag	0.4702506356058103
EGAR00001421049_9002000001501005	0.3864561805890579
SAMEA7045459	0.31008579739996905
SAMEA7045387	0.27759918463508637
V1.CD12-3	0.49024005372787266
SID50304865_SF05	0.4408773512122365
M0x10MCx1150	0.42745201772897823
G104679	0.36576591318606044
G88823	0.5028964928526456
e061c830-7ae6-11e9-a106-68b59976a384	0.16630267301441606
SRR3992967	0.4567181166181381
M0x10MCx2243	0.3032452565643151
SRS018575	0.3489991290701054
G80325	0.3219198597376441
M0x20MCx1501	0.28148082623605203
PNP_Main_80	0.5058147412804701
wHAXPI032592-32	0.4523414660772045
S2_011_021G1	0.15288780416491443
MH0022	0.3783069171124495
V1_UC29_0	0.6247648584854829
G78633	0.48670323373654917
DHAK_HCT	0.4904809080557188
S487	0.34235792104898044
EGAR00001420775_9002000001424256	0.2729734944153417
GupDM_HAT	0.524737799492817
TZ_21460	0.35419104971262627
HSM5MD7Q	0.18453884619016622
SAMD00114773	0.6236661332423087
CCIS15794887ST-4-0	0.47227868005609625
DHAK_HCV	0.4845530741845647
EGAR00001421172_9002000001555800	0.5784209319132102
LD-11	0.6630247407449275
SAMEA7045713	0.34419404272410553
AS136raw	0.5671362315885363
DY.503.D01	0.19805759419948207
SAMEA4719762	0.2653922316844918
PNP_Main_260	0.557478206478803
V1_UC52_1	0.4677595674671242
SID713A056-11-90-0	0.44311826389912085
d897762c-7ae6-11e9-a106-68b59976a384	0.4088861485351908
SID1012_aal	0.3266318584161785
SKST024_1_G102982	0.5097008432766738
M0x11MCx2713	0.34276821286128717
halbarad-11-2-0	0.453451069393006
HSM5FZBQ_P	0.32725934878516366
LILT_VF263_T016	0.44461821726009787
PNP_Main_151	0.5178926945080803
S2_015_013G1	0.11020888740195815
H2M513936	0.4950782991979674
MH0126	0.32392200374270735
HSMA33PL	0.34881327770291115
Sample_S25229_FMT_03_t0	0.26078526844316496
M0x30MCx1445	0.47698428101092105
M0x10MCx2839	0.5081042678741502
G88746	0.34928977400869227
G89258	0.4172605412415001
b2b7dab4-7ae6-11e9-a106-68b59976a384	0.277706944469144
SAMD00114965	0.15171968881006223
MSM6J2IO	0.5223254281841354
SAMEA7045571	0.44272415726215436
MM012.2	0.17670556164562637
HSM7CZ3G	0.3833735830656036
SAMD00114741	0.39109405104321576
SAMEA7041201	0.300262097515935
G88943	0.4360791382238943
PRIMM0460	0.39850936081238
p8816_mo3	0.2993736221398621
BHCNK3ADXX.N706-S507_TAGGCATG-AAGGAGTA	0.4613301635478757
SID326_4M	0.1836521262284013
SID5462-2	0.513265421966091
Travel090	0.3685010539175515
MM008.3	0.17524912319731759
M0x11MCx2949	0.2205857621949532
G78527	0.3466034397411926
M0x10MCx3354	0.3283809949857108
HD-47	0.5005788712876762
Travel062	0.3042723481098376
HSMA33SI	0.3496773740400012
SKST023_4_G102937	0.26291363569151854
PNP_Main_57	0.3313003854412026
p8748_mo11	0.31837479129769203
PNP_Main_611	0.41196237554068177
SZAXPI015270-90	0.6212200281047547
MH0138	0.5079535044619109
S389	0.26741595525437356
SID14952019_SF07	0.19604679188973434
TZ_83627	0.3995383396773062
CM_A01_I1_18	0.3697366512006673
CA_C10006IS2084FE_t1M15	0.3267983652220648
SID70615435_SF08	0.3133746049697953
M0x10MCx1471	0.21982921091237836
CCMD17410933ST-11-0	0.4903724039591752
MMRS35808664ST-27-0-0	0.500907500022233
V1.CD2-0-PT	0.3281942409217517
SID8075b2e2-7ae6-11e9-a106-68b59976a384	0.39771662837351834
NCS-008-Stool-infant2_microbiome	0.5328363701337245
SID19123701_SF07	0.5034744788653824
SID87_4M	0.2171040200375163
CSM5FZ4K_P	0.3296276289717682
CM.432_WGS	0.4407291243306313
PNP_Main_684	0.4371536464983052
CRC_MR_SBJ45H_17	0.48940556788275796
EGAR00001420204_9002000001223445	0.5355620811310694
CSM7KOOT	0.43484126249783517
SID244_M	0.4797952628267952
PRIMM0526	0.2963440128327609
M0x20MCx1732	0.35881270708011104
a190941a-7ae6-11e9-a106-68b59976a384	0.5527042976284168
G104668	0.4496749672469423
CM_D04_M0_18	0.3763781177755463
SID20069333_SF06	0.5427563258731344
SID030502	0.47648811957554776
M0x20MCx1424	0.36432568156890666
SID06.BA.VG_metag	0.4465045181469677
SID01E_015	0.494659293547175
G88825	0.5958043825630486
EGAR00001420558_9002000001367560	0.3775637730204873
SID713A010-11-90-0	0.5488940740521024
YSZC12003_36521	0.5255171314062048
A48_01_1FE	0.19570103129840652
ef68bee2-7ae6-11e9-a106-68b59976a384	0.2981555481378233
CSM7KOSH	0.3976782240321757
SRS024331	0.46758833003557904
SAMEA104142292	0.05386592845730675
SID18425216_SF07	0.41561848524010114
M0x20MCx1565	0.38838888487476636
HMP2_J43835_M_ST_T0_B0_0120_ZVBQY1N-6011_C93B2ANXX	0.47483318606255354
SID01I_569	0.3263165605541244
SAM_30	0.1501345048759842
SAMEA7045373	0.3686737235699995
PNP_Main_143	0.30280421263322205
CA_C10005MS2062FE_t0M15	0.39582967175743944
SAMEA7045807	0.4563641244152281
G102199	0.15599046720198384
MMPD33788863ST	0.2257287899832414
SID335_B	0.3206344150464032
HSM7J4PS	0.3508151345996865
MSM79H6J	0.5959058179750207
EGAR00001420637_9002000001390870	0.3665750507855498
PNP_Main_22	0.41347936294413945
S15_a_WGS	0.3770216333601137
SAMD00165027	0.5151846963355058
EGAR00001420134_9002000001186744	0.46316835465612705
CON-024	0.5144022789377666
SAMD00164791	0.399493775820191
EGAR00001420308_9002000001262194	0.28210269940090565
SAMD00114875	0.30595228693841936
EGAR00001420923_9002000001460717	0.4130875296557832
MSMA26BR	0.33214993707295276
SID16485541_SF05	0.5141658861257723
op177_M1	0.3493822891345689
SAMEA7045864	0.3550232541112261
CSM7KOUJ_P	0.3066520623035215
EGAR00001420756_9002000001420140LL	0.32374813457976376
PRIMM0013	0.40139766222027706
SAMEA7045239	0.352672561892899
CSM9X1ZY	0.5260042469942497
HSM7CZ2J_P	0.49217332117699203
SID08K_032	0.3471715114905821
M0x20MCx2063	0.23726953291889397
MSM79H52_P	0.47643644942977054
G78820	0.33998245193750043
MH0095	0.4022913760774693
af2f5282-7ae6-11e9-a106-68b59976a384	0.32179151346467516
SID17143477_SF07	0.48867358322654214
SID5438-2	0.3711072936338694
SID71492982_SF07	0.45004396675088787
SAMEA104142354	0.5322576963503516
V1_UC57_0	0.4761468695851129
M0x20MCx1622	0.12270433905765624
SRS053335	0.3856159314881066
a06eb03a-7ae6-11e9-a106-68b59976a384	0.15615396012384578
wHAXPI033788-13	0.5181695721993617
wHAXPI034456-57	0.33160161780979514
SID9770fef2-7ae6-11e9-a106-68b59976a384	0.2426318810010447
M0x10MCx2392	0.5071231415287702
DY.404.D01	0.5182577557429336
M0x20MCx2905	0.18872273792392158
M0x10MCx2750	0.24996657101822117
V1_CD8_0	0.5311740957380331
V1.CD8-0-PN	0.5642525514030872
ac379f9e-7ae6-11e9-a106-68b59976a384	0.24385160506988698
MMRS67096717ST-27-0-0	0.38060955340174657
M0x10MCx1668	0.3383247730234597
e1a5156c-7ae6-11e9-a106-68b59976a384	0.3166603511041491
AS66_12	0.32315246791607843
G104626	0.4096414456028686
SID26_M	0.41210238614846434
EGAR00001763656_1000IBD00610	0.3692390007421179
SID78c45256-7ae6-11e9-a106-68b59976a384	0.1429306697202957
V1_UC37_0	0.5194609504797976
SID713A073-11-90-0	0.4075101162733756
SID50304865_SF06	0.49094995362867405
SAMEA7045017	0.3559076488641796
NLM025-IE	0.2722277052566176
SAMEA4719812	0.21963723216036732
SAMEA7045886	0.34060880110644143
SID60338620_SF05	0.3754738084949012
PRJNA231909.3101335	0.5865556085913508
EGAR00001420580_9002000001375110	0.3515363887993202
MM079.1	0.1599445487317059
EGAR00001763491_1000IBD00235	0.4621111748623981
FMT_11_t0	0.40486592715611586
EGAR00001420844_9002000001441266	0.317364426303879
SAMEA7045825	0.3339631410234227
M0x20MCx1819	0.2735195829716993
HSM7J4PU	0.39896279448862887
O2.UC36-0	0.4632579803894639
DY.514.D01	0.3483637018885703
SID40792230_SF06	0.299214387042427
PNP_Main_576	0.5649100372096768
SID713B076-11-0-0	0.38135084316706613
LD-95	0.43587995810132335
C16-20274-GH	0.35868948274623486
G80408	0.4935700008758877
M0x20MCx1986	0.39845226409787526
CCIS98832363ST-4-0	0.4969753110541338
SID532_4M	0.2709329307511602
SID6e5b045e-7ae6-11e9-a106-68b59976a384	0.1647569147233407
CRC_MR_SBJ63H_17	0.356740070662092
SAMD00114957	0.3738669884306521
p8600_mo7	0.35083707531077213
EGAR00001421197_9002000001567974	0.34127735694305106
SRS011302	0.6021325919789962
PRJNA231909.3117245	0.4703153242153602
T2D-105	0.36366047160224163
M0x30MCx1271	0.26751120550867064
EGAR00001420264_9002000001244712LL	0.3472903506472419
dc56da46-7ae6-11e9-a106-68b59976a384	0.0773951896161647
CCIS79210440ST-3-0	0.49899900988438967
SID7b2539fc-7ae6-11e9-a106-68b59976a384	0.15193478097984026
SID1_B	0.4336941808577026
SID99590ea8-7ae6-11e9-a106-68b59976a384	0.26640464249968976
HSM7J4I5	0.5402570564799447
SID93314702-7ae6-11e9-a106-68b59976a384	0.18537094715599872
MSM79H8J_P	0.28088975873258615
cf8fa982-7ae6-11e9-a106-68b59976a384	0.12514750564858582
H1M413802	0.4113267132047555
EGAR00001763657_1000IBD00611	0.41751982093846285
SAMEA7041254	0.1537600602344332
N2_070_060G1	0.24197389973609915
EGAR00001420314_9002000001265220	0.45654631884235236
SRS011134	0.43973156469623914
M0x10MCx1225	0.3095391806922606
M0x12MCx3117	0.28090841227958696
MSM79H65	0.45698401287281354
EGAR00001421114_9002000001530470	0.4240515395313834
G102324	0.5322885061606372
AS51_0	0.371130961311763
SID5414-2	0.34770121665790954
CON-093	0.5622329324817603
SID60097006_SF07	0.43269257785653176
SID7f5f3c52-7ae6-11e9-a106-68b59976a384	0.14956269028257593
CSM79HGL_P	0.24132774392427583
SAMD00114797	0.5023354860754461
AS38raw	0.4357787702283591
V1_CD38_0	0.42866563320148665
SID17453111_SF07	0.3381895368555757
CON-049	0.4144811974740376
SAMEA7045747	0.1785698001547342
SID40164662_SF07	0.42595155077315966
SID72196364_SF07	0.43831552103903754
M0x10MCx2817	0.3857247055199388
M0x30MCx2826	0.2748088189444379
S2_001_012G1	0.11794045658557822
MM085.2	0.26493218830957177
EGAR00001763379_1000IBD00027	0.40685283078505974
EGAR00001420115_9002000001175080	0.37073871181831053
EGAR00001420573_9002000001373175	0.5103683569609817
M0x30MCx2567	0.38358837315873834
CCIS74726977ST-3-0	0.3025108546390331
M0x10MCx2846	0.30788459155392855
EGAR00001420981_9002000001476261LL	0.3793164474974205
AS128raw	0.39628261218860633
HSM5MD4O	0.44806875143503644
e514fb40-7ae6-11e9-a106-68b59976a384	0.07210930379386891
M0x10MCx2097	0.2339052753260582
YSZC12003_37353	0.3250348732542668
S2_017_012G1	0.08973340362986022
SID70838280_SF05	0.3600507663946583
SAMEA7045914	0.2885310855485823
YSZC12003_35697	0.4886931417831105
CSM79HIF	0.38539455685064594
SAMEA7045620	0.23245264463743112
O2.UC46-1	0.5804090997278438
M0x30MCx1461	0.3368061698183258
EGAR00001763510_1000IBD00275	0.37737354757041636
AS50raw	0.5300026863635008
M0x30MCx1116	0.1800660068937374
MH0229	0.3788663715906228
CM.102_WGS	0.2399365610654283
G80373	0.3531803704814184
G102294	0.13214192658266866
CM.413_WGS	0.4977160107979555
YSZC12003_35549	0.512722394795616
EGAR00001421210_9002000001575199	0.4396811882420828
db6e5d20-7ae6-11e9-a106-68b59976a384	0.2243519611415757
CON-001	0.3915977166292161
W1.36.ST	0.3430748133582682
SID10797719_SF07	0.4503673699996972
M0x30MCx1452	0.5518375081352207
G89118	0.516672923417994
M0x14MCx2510	0.3615552286216346
CON-101	0.7184607941927837
HSM7J4NC	0.4461695372242904
EGAR00001420759_9002000001420847	0.35543577520681247
EGAR00001420317_9002000001266077	0.34024579683365
HSM7J4HI	0.40549482785757157
AS68_0	0.23841056592362492
SID14561280_SF06	0.5582717907724479
LD-27	0.33308289457481677
EGAR00001421043_9002000001496442	0.4794292998230214
SID9eba8bec-7ae6-11e9-a106-68b59976a384	0.17479114856508726
G80550	0.43796940901304365
G78621	0.4972787167891357
SAMEA7045870	0.30106431812849144
a81ed1de-7ae6-11e9-a106-68b59976a384	0.21621558596266893
SAMD00114888	0.3248539355819442
SID60514917_SF07	0.34610986973515606
MM062.2	0.30422820773967874
YSZC12003_35654	0.36121358883208077
IT7	0.3642340116797836
S2_008_008G1	0.3399613562711221
EGAR00001420987_9002000001477438	0.44808332779849186
SID647cffc8-7ae6-11e9-a106-68b59976a384	0.5267083685280743
SAMD00115029	0.516662262736356
SAMD00114758	0.4910321434436072
CSM5MCZF	0.6085445225177183
SAMEA104142321	0.09532806559889216
G104709	0.5241503660324193
G69183	0.35159056264726624
HJK7VADXX_PG0783_22A0417_H1_L001	0.2319107322851059
PNP_Main_679	0.6563222836476288
HMP2_J00844_M_ST_T0_B0_0120_ZLYEM2C-1011_C8GAAANXX	0.43923689902258983
O2.UC5-1	0.5220312732495229
SID240201	0.515169280619615
G80485	0.38669129392214324
SAMEA7045312	0.2683552464507308
M0x12MCx2035	0.2543881367772972
SZAXPI017461-32	0.45351991834096395
SAMEA104142165	0.19402451283113492
e53e93ce-7ae6-11e9-a106-68b59976a384	0.4159775039179196
SAMD00114989	0.5268883591743869
CRC_MR_SBJ40C_17	0.31836882482041307
PNP_Main_535	0.3313056688989592
PNP_Main_709	0.48471699835676446
PNP_Main_76	0.600342981984301
S2_006_021G1	0.32777330420466405
M0x14MCx1724	0.4300079673710721
HMP2_J00890_M_ST_T0_B0_0120_ZK4CK8Y-04_C8GAAANXX	0.2001861689122543
W3.20.ST	0.4027371383203125
MM056.2	0.16867583472568748
W1.13.ST	0.626585970667775
SAMEA7045281	0.2485112403492516
SID65e3f1f0-7ae6-11e9-a106-68b59976a384	0.11813391254370993
wHAXPI032612-22	0.31634528539890006
PRIMM0378	0.398727804876462
PSMA264W	0.5218625733171652
M0x14MCx2498	0.36313454240137544
EGAR00001420430_9002000001320130	0.3246641317038405
SAMEA7045182	0.34724244508324215
EGAR00001420975_9002000001474580	0.3718123629629386
SAMEA7045534	0.3494628680139326
M0x10MCx2611	0.3883767231182907
EGAR00001420460_9002000001336500	0.5219991060382727
HMP2_J00851_M_ST_T0_B0_0120_ZL9BTWF-04_HA986ADXX	0.22211843792782995
M0x10MCx1939	0.40786681989635837
MM015.2	0.20797954535103047
M0x30MCx3282	0.2822821196851135
SID030101	0.34369269425113347
T2D-058	0.3105408161593939
SAMEA7045179	0.21713190860591855
G104647	0.22948172752879112
MH0260	0.5055697937574856
bd06f0e0-7ae6-11e9-a106-68b59976a384	0.08912064650331851
SID45_12M	0.4498600524227749
SRS016753	0.4134264967509449
G88965	0.551060866435371
EGAR00001420170_9002000001208331	0.3606153329053804
SID229_M	0.4664247393231156
P7C0	0.5960062485637885
G102305	0.47362250823023205
PNP_Main_302	0.6231720761439982
PRJNA231909.3105875	0.4160909324283863
SID16935973_SF06	0.45484839180063535
MH0060	0.27416650719110386
TZ_42041	0.28456699247951467
MSMA26BV	0.41933698452480433
SID16485541_SF08	0.5937188152947489
W2.25.ST	0.4409130190023877
G89179	0.5489078584636422
SZAXPI015228-14	0.43903898241843536
MSM6J2IK	0.4455214405172771
SAMEA7041156	0.15503124227016107
HMP2_J15243_M_ST_T0_B0_0120_ZVM4N7A-01_HMNVCBGXX_S19	0.4779100440431997
TRAVELRES69	0.45712933387842225
EGAR00001421146_9002000001542895	0.5451146232729025
SAMEA104142424	0.36690111123750757
EGAR00001421223_9002000001586835	0.4392319900192382
SAMEA104142318	0.0761600715433239
SID7dca8acc-7ae6-11e9-a106-68b59976a384	0.2966766108505126
O2.CD1-0-PT	0.28577538718285167
SID75e5c894-7ae6-11e9-a106-68b59976a384	0.20859823392161622
SID82cef03a-7ae6-11e9-a106-68b59976a384	0.4030521056241741
M0x12MCx3046	0.2269490081452748
PNP_Validation_78	0.4990310827756133
HSM5MD53	0.47158261992025663
SID70_M	0.5087122319439132
CSM9X22S	0.3359282342151702
M0x30MCx2410	0.2965866854949061
S2_015_009G1	0.41152759806950867
SAMEA104142427	0.18962005542938157
SAM_28	0.4134503770864309
EGAR00001420793_9002000001427900	0.3567191860004938
SIDVOV70_metag	0.35013982365904783
AS137raw	0.45431814124146397
PRIMM0030	0.37366799843405973
M0x12MCx2209	0.24389579722142415
M0x30MCx2445	0.35093381881059943
SID7ee11e8a-7ae6-11e9-a106-68b59976a384	0.15727825932359035
H3M515138	0.3180996463292073
e4992b3c-7ae6-11e9-a106-68b59976a384	0.40727893042020513
SID63b543e8-7ae6-11e9-a106-68b59976a384	0.1688331221081704
SAMEA4719781	0.3914690054864205
PNP_Main_785	0.27028695990371837
dd06bb82-7ae6-11e9-a106-68b59976a384	0.3572724374775999
PNP_Validation_18	0.34239668130781725
FMT_38_t30	0.26872268667652405
MG100168	0.5136356930702332
SID06.TO.VG	0.4554415632900032
CM.105_WGS	0.34863989209481505
S2_003_012G1	0.27647078303048594
FMT_25_t0	0.23068663524681252
O2_UC5_2	0.3872989573705378
MV_FEM3_t1Q14	0.44286278442006544
M0x10MCx2925	0.21617729163218083
V2_C114	0.07763481179116292
CA_C10032IS2551FE_t2M15	0.3410223238107835
SAMEA104142114	0.5967513997715324
CA_C10023MS2386FE_t0M15	0.4313793081897714
HSM6XRUL	0.43514025706789844
M0x11MCx3341	0.3613654406877601
M0x30MCx1891	0.38585778436821594
SKST011_6_G103002	0.30784055252984444
MG100132	0.18468916191061774
GupDM_HCV	0.5025607537150127
PRIMM0005	0.353963538528729
EGAR00001420337_9002000001273035	0.4849724600472217
LD-Run2-09	0.08664596978489486
c99fbd82-7ae6-11e9-a106-68b59976a384	0.0909600166590218
EGAR00001421047_9002000001498106	0.4416323546930387
SAMD00115054	0.4423012901834661
SAMD00114911	0.3342010768542197
EGAR00001763461_1000IBD00172	0.5473118520882727
EGAR00001420579_9002000001374735	0.3269738487690381
EGAR00001420738_9002000001414420	0.36368898527413035
PSM7J136	0.4532878438804992
f45fe52e-7ae6-11e9-a106-68b59976a384	0.258659844703588
CM.79_WGS	0.4257847115273443
SAMD00164995	0.11534462487731893
EGAR00001420248_9002000001239202	0.5369082748137722
SAMEA7045225	0.3090589951688854
EGAR00001420217_9002000001227892	0.351712368040449
SAMD00114791	0.38833116604200146
SAMD00115001	0.49490484634803145
SAMEA104142124	0.5632756331562564
EGAR00001421179_9002000001558115	0.4411532596804721
EGAR00001421199_9002000001568750	0.45762394057270606
SID73c26004-7ae6-11e9-a106-68b59976a384	0.21921891342782268
EGAR00001763688_1000IBD00676	0.3673035383968399
SAMEA104142431	0.1971152888955177
S2_011_012G1	0.16896720680075325
a48719f0-7ae6-11e9-a106-68b59976a384	0.3868328988576313
PNP_Main_329	0.5673449816419686
SAMEA7045228	0.2911327108180203
b7f21184-7ae6-11e9-a106-68b59976a384	0.38075991823939437
SAMEA7045031	0.30076881084702295
SAMD00164854	0.346481704442733
SID713A077-11-90-0	0.4428396419629322
SAMEA7045499	0.3240196827848405
SRS024075	0.34808442050996946
M0x10MCx2613	0.39483170132534184
SAMEA104142113	0.4555868603647495
EGAR00001421160_9002000001551016	0.4809008034385739
CSM79HKZ	0.44302317313018735
EGAR00001420936_9002000001463100	0.4605884088036284
bugkiller-11-600-0	0.43824306046969697
EGAR00001421193_9002000001565405	0.23969536919674855
G80596	0.42101917219399454
PRJNA231909.3110090	0.4068565385307979
PNP_Main_741	0.5283489508279599
OBK1122	0.2431517649868474
SAMEA7045891	0.31613687494528864
SID5466-3	0.4959260217541991
PSM6XBRK_TR	0.5498497214777961
G88759	0.5473382640735008
W2.1.ST	0.48796093214329855
M0x20MCx3020	0.44919056709587835
PNP_Main_550	0.3371348652061948
d62236f2-7ae6-11e9-a106-68b59976a384	0.21049552380686887
CSM5MCWE	0.3073419237326374
PNP_Main_301	0.5954649512521739
LILT_GF18_T016	0.13389818722090321
G69196	0.3007510496000327
HMP2_J00892_M_ST_T0_B0_0120_ZJTKAE3-02_HA986ADXX	0.4733435524333751
G78627	0.40064407369520477
JAS_10	0.40497529084384826
PRJNA231909.3112360	0.41770583714667414
PNP_Main_484	0.5316260858977679
SZAXPI003427-1	0.4887971230369057
PNP_Main_416	0.3617005970685554
EGAR00001420275_9002000001250148	0.4273412279212558
b772af0c-7ae6-11e9-a106-68b59976a384	0.33797657135628884
PNP_Main_30	0.5975334186935418
N2_066_011G1	0.1736427898587704
EGAR00001420153_9002000001198988	0.342033178101146
Travel129	0.3362972055902907
SAMEA7045181	0.30251309903522383
a3fdb96c-7ae6-11e9-a106-68b59976a384	0.4785776930796527
MSM9VZHZ	0.37982266180498625
e643e954-7ae6-11e9-a106-68b59976a384	0.5322178172345696
b50f7236-7ae6-11e9-a106-68b59976a384	0.2903197795044014
YSZC12003_37337	0.4808151517391816
PNP_Main_264	0.5724772475879053
MMRS99045180ST-27-0-0	0.30391386561042183
MSMAPC5H	0.6349655655290651
S381	0.5635202152991902
SID5454-1	0.3268531906873753
EGAR00001420125_9002000001180016	0.29620656944032786
SID10_M	0.24473496982751547
PNP_Main_691	0.5433481624235402
CSM7KOKF	0.46291079734411594
G78710	0.2817040637532686
e9bf5a64-7ae6-11e9-a106-68b59976a384	0.29520582085634633
M0x20MCx2553	0.3052676582315455
M0x12MCx1862	0.21318863709417854
SAMEA7041273	0.42506056001908105
SAMEA7045628	0.3006947522331868
SID626_4M	0.17544898084790939
PRJNA231909.3108488	0.3668199741832314
CON-018	0.5471524063107798
SAMEA104142192	0.29441389127531664
SID68a0ca1c-7ae6-11e9-a106-68b59976a384	0.29118333776412286
SID80f0f916-7ae6-11e9-a106-68b59976a384	0.23744415731565088
CSM79HHW_P	0.22099938750969694
O2.UC6-1	0.4521492705812754
SID258_12M	0.4217181079597263
M0x30MCx3190	0.2943600337550066
MMPD59466593ST	0.2024135672624911
G88935	0.4157639535729396
CRC_MR_SBJ03H_17	0.41297929835326425
ebd78af6-7ae6-11e9-a106-68b59976a384	0.22166385641568573
PNP_Main_528	0.5338614495697862
EGAR00001420689_9002000001401430	0.4338135753766297
EGAR00001420803_9002000001431018	0.4971970310604158
PSM7J15U	0.17249134957038645
d9c8c8d4-7ae6-11e9-a106-68b59976a384	0.13528163333553792
PNP_Validation_86	0.4454457274581429
G88784	0.400571665776015
MSM9VZI2	0.4242110293453409
SID14911186_SF06	0.3808380093788085
S2_001_010G1	0.06908046578149123
PNP_Main_196	0.4822550928419825
M0x30MCx3180	0.3277569394640135
SAMEA7045513	0.3565174322538406
EGAR00001421099_9002000001525016	0.3853048136006235
SAMEA7045909	0.31860542154135035
EGAR00001420876_9002000001448427	0.39988256341692446
DLF013	0.4424487153099205
SZAXPI015230-16	0.556440290689105
O2_UC2_2	0.4383459828101301
HMP2_J16525_M_ST_T0_B0_0120_ZOZOW1T-6023_HLH73BGXX_S20	0.3584442917998605
CON-068	0.40798087311854225
CCMD32288175ST-11-0	0.378381641452629
SID89a45bf2-7ae6-11e9-a106-68b59976a384	0.12448406052058299
CSM67U9N	0.30867424855575776
M0x14MCx2587	0.6410103290836761
SRR3992996	0.3829159413507414
HD-17	0.5066630108356313
f055ad92-7ae6-11e9-a106-68b59976a384	0.3658032316193713
PNP_Main_736	0.5123400231876386
SAMEA104142459	0.3619058637262088
EGAR00001763527_1000IBD00322	0.3429240020633736
SAMD00164821	0.29337624464903433
SID5468_vbl	0.21584085680826987
M0x20MCx1538	0.20892830372671622
PSM6XBTT	0.44905803444382786
HMP2_J08161_M_ST_T0_B0_0120_ZOZOW1T-6015.2A_HCG2MBGXX_S14	0.4525340780740701
EGAR00001420941_9002000001464171	0.32517235343805817
EGAR00001421136_9002000001538954	0.5144274711532825
p9223_mo8	0.46813034758766214
NO11	0.38150127513703846
SAMEA104335946	0.5633287417921997
SAMEA7045646	0.4177362238099703
SAMEA7045706	0.3193472654478577
SAMEA7045215	0.258269800285591
G104671	0.15125468156742328
M0x30MCx1497	0.14182592580174538
G102289	0.45011398167262373
CSM5MCZB	0.5949849307919088
YSZC12003_37798	0.44055700435767603
SIDVOV26_metag	0.20472487635907985
CON-044	0.4791886143116153
SID9a498bf8-7ae6-11e9-a106-68b59976a384	0.446619277174864
PRJNA231909.3101439	0.45850213094136866
M0x13MCx3255	0.17114901463137855
YEZ_N-28	0.5695546426364715
MMRS24340226ST-27-0-0	0.32180423423921317
MMRS48639115ST-27-0-0	0.4822080908976444
CM.231_WGS	0.16086582637227254
SAMEA7041168	0.25570447824337017
EGAR00001420643_9002000001391709	0.3598572334183559
CM.186_WGS	0.2442256210111826
c1f80c88-7ae6-11e9-a106-68b59976a384	0.4705106921131547
SAMD00164962	0.5052796980437074
HMP2_J09115_M_ST_T0_B0_0120_ZLGD9M0-08_C93B2ANXX	0.44493704648742316
MMPU84450604ST	0.55498427771997
NO09	0.42012543340743497
SAMEA7045039	0.33262632737392117
M0x30MCx1828	0.29036343377513696
SID968b389a-7ae6-11e9-a106-68b59976a384	0.3236333409099467
SAMEA7045415	0.33815265987060733
SID70488374_SF05	0.3426666876513514
EGAR00001421159_9002000001550654	0.5281981181753146
HSMA33J7	0.4162265477143346
PNP_Main_207	0.36750058334535846
M0x20MCx3014	0.4265849138518463
H2M614904	0.2401954748549609
SAMD00114815	0.4807099516775048
SID10230266_SF07	0.4298705686096503
G89159	0.45573283713191237
SAMEA104142162	0.3564653916443156
SAMEA7045322	0.389725565126802
SRS022524	0.3866785323429481
DHAK_HCQ	0.3846984414631448
HMP2_J15231_M_ST_T0_B0_0120_ZY7IW45-02_GES15-03627	0.42829754009894466
M0x30MCx1293	0.4750076214421884
SID87bee622-7ae6-11e9-a106-68b59976a384	0.1913083603819687
SID9a59bcbc-7ae6-11e9-a106-68b59976a384	0.21380663644779854
SID383_4M	0.2909269766544151
M0x12MCx2285	0.12155368738640661
FMT_08_t30	0.23748377453086547
M0x30MCx3314	0.5025491141699026
G88840	0.5280327133285874
AS56_24	0.2931254816662457
G89123	0.33712808804201183
M0x13MCx2273	0.2583017214362783
CRC_MR_SBJ34H_17	0.5519755467347187
SAMEA104142294	0.21479707796514158
M0x20MCx2299	0.2820863777253709
SAMEA7045414	0.30449293039697156
SAMEA7045423	0.2477320013878598
PNP_Main_401	0.41885488759989753
SID12780703_SF05	0.35662207121159595
SAMEA104142105	0.31902530689930564
G69186	0.3810653977101467
SAMD00164906	0.5495766685410852
M0x20MCx3055	0.26354799808359164
P38C0	0.6987766575908675
SAMEA7041217	0.3546391669405496
SAMD00164988	0.20083909012088047
LD-Run2-37	0.259951896949707
S248	0.36244993262965997
SAMEA7045724	0.35767157303545305
MSMA26DK	0.5390124311095138
G78681	0.41133112809001854
N2_065_026G1	0.20475468701696203
SAMEA7045323	0.27115346611938396
scavenger-11-60-0	0.6053982292088854
SAMD00164845	0.08565063482347707
DY.517.D01	0.12551299804589863
PNP_Main_58	0.6481674779478914
ESS-0062	0.3060378268986632
G78777	0.4353391476966424
PNP_Validation_63	0.4884037001821254
MSM9VZMU	0.5581064677632065
MMRS64281211ST-27-0-0	0.34392408666825874
SID8deaaca2-7ae6-11e9-a106-68b59976a384	0.4809210185315612
PNP_Main_87	0.5338275597531714
N2_031_010G1	0.11564453162564799
V1_UC10_2	0.41560482468128274
SID582_12M	0.415954073418254
HSM6XRQB_P	0.2500816217420242
MSM6J2IY	0.39599649279391624
SAMEA7045890	0.3405416253511069
EGAR00001420221_9002000001228512	0.48137507454200573
HCO70	0.36649639374004517
ee297e86-7ae6-11e9-a106-68b59976a384	0.3360050385555725
SID83d4ca54-7ae6-11e9-a106-68b59976a384	0.3850831396434296
MMPD52850328ST	0.5848880347238518
MSM79HAL	0.35253955968173895
PSMA264Q	0.43486614161128756
PNP_Validation_31	0.5610758940824037
C16-20416-TZ	0.30332131885796687
SAMEA7045171	0.26367730185921556
CSM67UAA	0.3934774119721669
SID179_B	0.17485446483099865
DOM014	0.20456029257277547
G78738	0.32528837177770514
HSM7J4PW	0.49187021761777394
S268	0.4688060606074334
PNP_Main_506	0.5220097311294852
SZAXPI017589-133	0.3689069718284098
EGAR00001420677_9002000001398120	0.2199041212587967
SID11287767_SF05	0.44611282012468784
M0x14MCx2220	0.2764878962748132
G78568	0.36372353538936586
SAMEA7045113	0.21073586633912045
MSM5LLIS_P	0.31759355128993916
SID70608855_SF06	0.48835264239662507
M1.48.ST	0.4270677052562705
SRR3992973	0.3623729249459339
SID83fc772a-7ae6-11e9-a106-68b59976a384	0.19385140920333074
SRS015794	0.5796710533659107
HSM67VHB	0.46793998180106966
CM.289_WGS	0.46029371888191456
CCIS82146115ST-4-0	0.1277284393004926
T2D-041	0.17616695983900363
wHAXPI037145-9	0.5984368730276008
MG100146	0.19326363784418418
CSM67UDY	0.5162293418242685
SZAXPI015273-95	0.5070622493004506
SID10042055_SF07	0.29670710889670415
M0x20MCx3099	0.3459679137457691
M0x30MCx1576	0.34999128204541496
T2D-053	0.1445763298055683
M0x11MCx2894	0.43344742484659926
M0x30MCx1430	0.44531933559643183
M0x30MCx1765	0.20220353604931987
LD-5	0.2794043352005348
G88737	0.4325931031270974
M0x20MCx2557	0.33693631959850157
SID29.PR.O.2	0.5569289896901395
EGAR00001763521_1000IBD00308	0.4149534301021857
SAMEA2055283	0.5411238990727419
ESS-0254	0.5931116829288956
CCIS22416007ST-4-0	0.41164069197650455
M0x11MCx3149	0.19529080123398293
V1_CD15_3	0.3752336543557661
G80540	0.33063451237393654
CCIS90443472ST-4-0	0.6343140431685742
S258	0.40715299134617616
SAMEA2055287	0.3959424519465893
S365	0.5828548536141863
SID50253678_SF05	0.24126638330425304
CON-055	0.3786021667000494
f6c6794a-7ae6-11e9-a106-68b59976a384	0.3496084806498317
YSZC12003_35391	0.49830944579468667
N2_064_031G1	0.30876942564290294
SID5469-1	0.45384067049118165
EGAR00001421201_9002000001570129	0.39743650123135127
MMRS25211151ST-27-0-0	0.3476981930523527
NCS-067-Stool-infant_microbiome	0.21698109368938143
SID16097411_SF07	0.2788142085869568
c64a2eba-7ae6-11e9-a106-68b59976a384	0.2842184521297822
CSM7CZ2F_P	0.617166059872968
p8712_mo12	0.4691152375237837
S2_011_026G1	0.19403337817972033
SID18184323_SF08	0.25201432175291894
cea94d02-7ae6-11e9-a106-68b59976a384	0.08952312294541441
EGAR00001421105_9002000001527093	0.343922793226434
N2_069_027G1	0.254072276568156
MH0319	0.49341101259231446
SID265_M	0.4454375999128432
e3c06c2a-7ae6-11e9-a106-68b59976a384	0.16142358139000734
PNP_Main_27	0.40653507922883503
MSM79HAT	0.4933364767554009
CCMD82866709ST-21-0	0.3026184137278309
CCMD13071240ST-21-0	0.3741450825057318
S600	0.2534476689127829
LV-6	0.37794821615146146
G104645	0.28492720990141335
M0x12MCx2778	0.27127094515198763
M0x30MCx3038	0.4469431874468418
SID6c7c16dc-7ae6-11e9-a106-68b59976a384	0.23295178422158486
SAMEA7045529	0.32115717915115954
HMP2_J15240_M_ST_T0_B0_0120_ZYXQKWY-01_GES15-03636	0.4699387468013956
c750d0ca-7ae6-11e9-a106-68b59976a384	0.19354962867070852
MMRS17603756ST-27-0-0	0.5904037176260204
SID60238506_SF07	0.37166441582993176
V1.UC39-4	0.48896393062988663
M0x12MCx3424	0.24483404722328017
SID13512031_SF08	0.3096491857599652
G78669	0.3316359598266054
P13E0	0.5019707968153484
SAMEA7041210	0.263732300416634
PRIMM0162	0.18091988998223385
CM.111_WGS	0.3103528534666223
M0x11MCx2264	0.15837998193490654
HSMA33LB	0.3295035551578574
SID570_B	0.29087201448963235
N2_060_021G1	0.171745743136997
M0x20MCx1753	0.2151249957372587
G78488	0.4101188267504439
M0x20MCx2329	0.2676730776355492
SAMEA104142169	0.23704797502388553
SAMD00114872	0.5370480624751952
EGAR00001421203_9002000001572150	0.4463019927955965
YEZ_N-44	0.44380969009272564
MSM79HF7	0.3890550335722491
G88924	0.5302082220861039
TRAVELRES27	0.6441509666993699
G89010	0.5386848423334151
PNP_Main_532	0.3078836099768773
G104643	0.30131154574279534
HSMA33QY	0.5375225920656255
SID87_B	0.17931592092892
EGAR00001420263_9002000001244632	0.2444025023585416
bb2c61ba-7ae6-11e9-a106-68b59976a384	0.17410547410745714
TRAVELRES28	0.6698659816529596
SAMEA104142367	0.41649808867956023
SID713B037-11-90-0	0.4390708841629196
G78720	0.32322437631126516
DOM012	0.1920184332093568
PNP_Validation_10	0.370192852314445
SID19383868_SF08	0.47621202364604365
NLM016	0.4399071934182205
M0x10MCx2066	0.05594169799987834
MSM9VZGS	0.3044782975953227
G69181	0.3084735244436616
EGAR00001763464_1000IBD00184	0.5403643341235651
T2D-044	0.28191428252664363
P8C90	0.32686531755182957
e04e4fda-7ae6-11e9-a106-68b59976a384	0.1583855910172113
SRS016495	0.494468347483109
CM.261_WGS	0.20359645050484734
SRS015217	0.4078713214231358
Sample_S25234_FMT_04_t30	0.3373220889245078
MH0453	0.3574157049491686
SID12293355_SF08	0.55882800582058
G69216	0.19921693078903366
M0x10MCx1808	0.1987604204383475
DLM017	0.5751024898479464
AS116raw	0.49140400943612417
PRIMM0435	0.31139628187545443
T2D-029	0.28646481157731174
nHM512806	0.4915444432734937
SID40700151_SF06	0.2763430033409302
G88949	0.21390971328772063
EGAR00001420154_9002000001200638	0.3676529976505206
AS122raw	0.5178777606317638
nHM511735	0.4513853112060775
SID8c244068-7ae6-11e9-a106-68b59976a384	0.2544440982027317
M0x30MCx2966	0.35200100272277757
SAMEA104142076	0.44664404129967655
N2_093_009G1	0.1899404531170731
CSM7KOQ5_P	0.4461053768018096
HMP2_J00872_M_ST_T0_B0_0120_ZN0JE53-01_HA986ADXX	0.3649771715098848
G89182	0.5237522583376152
EGAR00001420807_9002000001433255	0.39056667192794997
p9281_mo4	0.5049955762549502
C16-20050-GH	0.38936464617661326
G69215	0.3866403547044919
p9216_mo5	0.399566916303273
SKST006_6_G102964	0.3857275897643169
G104698	0.3041787058061322
SKST024_2_G102953	0.2623873220069647
G88895	0.44538269496855026
PNP_Main_163	0.44579856889569
PNP_Main_435	0.5048213706721087
SID258_4M	0.17465503053416262
SAMEA4719775	0.4587649064976165
HCO09	0.3346634978547367
M0x20MCx1357	0.4124728063945451
G69201	0.46941518705822005
MMRS86178473ST-27-0-0	0.1360351657107565
MSM9VZGO	0.42603606626401247
O2.UC19-1	0.38862439627983303
ESS-0501	0.4773158822470725
M0x30MCx1838	0.178680852726355
SZAXPI017465-43	0.33843722660738923
O2_UC19_0	0.20648821185431815
EGAR00001421017_9002000001486419	0.41743540474592034
M0x30MCx3090	0.28748136242998834
PSM6XBT5	0.4224934429562629
SAMD00164935	0.49427379779002595
MSM9VZH7	0.34048153395602254
FMT_21_t7	0.17041906515898975
SKST007_1_G102966	0.5602426559342836
SID100402	0.45634272037651574
MSM9VZO2	0.49945024102758395
LILT_VF32_T016	0.37522763399020564
SID1005_aae	0.40641051016084173
SAMEA2055285	0.4904653060190564
alien-11-877-0	0.356584452182348
SID530368	0.39417521343034995
M0x11MCx2416	0.20637629763002063
M0x20MCx2422	0.39855669340516087
SID08H_000	0.3392464846894385
SAMD00164773	0.4391524917990637
CCIS28384594ST-4-0	0.4112311107311482
SAMEA7045237	0.2500434287346981
S2_018_006G1	0.11672125945201628
H2M514925	0.48258152769615936
NCS-054-Stool-infant3_microbiome	0.5195398213532824
SAM_23	0.4039282467875292
C16-20029-GH	0.26151250163011136
V1_CD14_0	0.6749240185392419
PNP_Main_321	0.5408918001578751
G80553	0.28862339269384696
PSMA267P	0.4890321823462921
MV_FEI1_t1Q14	0.31049405853351614
H2MX14816	0.35029609367181513
SAMEA7045849	0.35412479375168515
EGAR00001763711_1000IBD01011	0.43014206211579153
SAMEA7045122	0.2726445119151799
SAMEA7045809	0.3022099579953492
V1_CD3_0	0.45201316800967606
c935d016-7ae6-11e9-a106-68b59976a384	0.4204938052204681
EGAR00001420753_9002000001419443	0.4061690065617658
HMP2_J09130_M_ST_T0_B0_0120_ZMGT937-04_C93B2ANXX	0.2892603648084346
b016eca0-7ae6-11e9-a106-68b59976a384	0.29112723445341265
pluto1-11-7-0	0.5480285647314825
PNP_Main_560	0.4305436401873706
JAS_1	0.31576051161466867
EGAR00001421103_9002000001526416	0.409683706003432
S2_002_005G1	0.24495627666711273
SID12289378_SF08	0.6226806369795373
EGAR00001421023_9002000001488665	0.38292443895491035
M0x30MCx2128	0.3617866670491929
MH0078	0.37146640212009213
SAMD00114887	0.49952765984263287
PSM7J17L	0.4645021201990083
SID265_4M	0.42661312359443826
CSM5LLGB_P	0.4614969782394966
SID50144974_SF08	0.489552515034432
G80545	0.31194947218297886
SID12_B	0.3212113365902013
M0x12MCx1895	0.2154140245396908
CA20	0.42820954999941335
EGAR00001763695_1000IBD00690	0.5502208600008951
PNP_Main_654	0.3637943723162903
KHG_2	0.4492887925104879
CM.160_WGS	0.3743420346344285
MH0045	0.3242981096453033
thistle2-11-0-0	0.4016638231269537
PRJNA231909.3105829	0.4708448822183945
SID615_M	0.5172554871641588
MSM79HDG	0.41599850207838573
G104678	0.28852238323668294
SID18168329_SF06	0.4921919128389645
EGAR00001763634_1000IBD00565	0.36844420975384684
EGAR00001763655_1000IBD00607	0.4107657782500637
p9220_mo3	0.4840838711411355
HSM67VFZ	0.40369822674495465
EGAR00001763566_1000IBD00401	0.29744932151025993
MM091.2	0.12756869059653267
SID30629079_SF08	0.3088610410193657
MSM9VZFN	0.4550717603584978
EGAR00001420961_9002000001470722	0.3084137036038339
G88913	0.5192421246987228
NLM002	0.41590846655277147
PNP_Main_356	0.5439391266960613
CA18	0.5582799907852767
SID080104	0.3999277133575921
CCMD52145360ST-11-0	0.4482498854707503
a28eab04-7ae6-11e9-a106-68b59976a384	0.5175138193636075
CON-004	0.38717050778622564
S26_a_WGS	0.3357611772489153
H1F513818	0.41158572222442596
SAMD00115043	0.3002325217779669
SZAXPI015263-84	0.43878398043311573
MMPD21946553ST	0.23117910566021574
G102246	0.17122721674822722
M0x30MCx2565	0.3614626341836037
PNP_Main_509	0.6279731082675043
Travel089	0.5876782361151479
PNP_Validation_55	0.5513355166641116
PRJNA231909.3114784	0.3828059476898242
wHAXPI032800-31	0.5615552821792416
CRC_MR_SBJ73H_17	0.487377467035168
C16-20010-GH	0.3021948212100886
H2M414927	0.26042488396501257
SID63778eb8-7ae6-11e9-a106-68b59976a384	0.29941614445911163
SRS063040	0.48447009723407175
PNP_Main_308	0.5571971778080854
MSM6J2Q3	0.4882942354420819
PNP_Main_14	0.4400047788606189
MV_FEI5_t1Q14	0.17307201081492105
MH0401	0.5515010990432008
d19dabd4-7ae6-11e9-a106-68b59976a384	0.2382554840652033
S367	0.4083908173634643
SID713A039-11-0-0	0.5366231783087815
PNP_Main_493	0.4048540920292152
H11	0.10010450210043263
M0x30MCx1791	0.3198655432580171
G89260	0.4079734903982855
AS121raw	0.2924601059427268
G80321	0.4038874516712393
G80414	0.5331316174338969
O2_UC22_0	0.30438594907963273
EGAR00001763383_1000IBD00031	0.4632526923967025
MSM9VZIO	0.35232361267765344
CA_C10034IS2587FE_t2M15	0.20312275447217934
HSM7J4IU	0.7545111083248291
S584	0.37092442165637635
KHG_7	0.3297402273615915
HSMA33MG	0.3015096951724903
M0x12MCx2530	0.16242473995202286
DLM004	0.49688871152901903
CM.437_WGS	0.4989408300485842
MH0452	0.5205048702165359
SKST027_6_G102955	0.32999878972450347
PSMB4MC5	0.3876146844968244
SZAXPI017460-27	0.1671207719706552
MSMB4LXW	0.4016175120173432
HSM67VEE	0.4498765842825359
G104680	0.4184572070645334
f2e7d80a-7ae6-11e9-a106-68b59976a384	0.22380458694227026
M0x30MCx3018	0.2992304328074109
G78541	0.3494392311997967
PNP_Main_400	0.5407560720409381
PRJNA231909.3107651	0.39266574190986175
SID6c2ed278-7ae6-11e9-a106-68b59976a384	0.3658077150526223
WL.14.ST	0.6218331681022463
M0x13MCx2743	0.2763416842960012
CCMD54057834ST-11-0	0.575648245199947
G78528	0.41353145248702294
SID5446-4	0.5717722138415624
SAMEA7045627	0.22303272822890818
c84a5622-7ae6-11e9-a106-68b59976a384	0.17365920344199515
G88821	0.3193834775933219
SID910b3f6e-7ae6-11e9-a106-68b59976a384	0.4300417897464385
PNP_Main_651	0.4042562303455099
PNP_Main_344	0.44104532994559603
M1.4.ST	0.18587014718966438
M0x30MCx2954	0.4042186419184867
M0x10MCx1529	0.2371426029357261
HSM67VG8	0.5599263234655877
M0x13MCx3356	0.1687032503371128
PSM6XBT9	0.46781650492384824
EGAR00001420456_9002000001335657	0.36175537769718297
EGAR00001420495_9002000001347611	0.4073742929426572
PNP_Validation_84	0.5630616986039254
H1M512855	0.45741361435442723
SID03E_000	0.4590255075171607
SID6fbf7fc8-7ae6-11e9-a106-68b59976a384	0.30997885778265916
f2cde8a0-7ae6-11e9-a106-68b59976a384	0.35436858069739957
MM058.2	0.4138495696881543
PRJNA231909.3113767	0.48261696278187494
ESM5GEYX_P	0.49923338006952245
OBK2758	0.35754402792021284
HJKHTADXX_PG0783_65A0205_H1_L002	0.11410893338608273
O2_UC21_0	0.2902058758090887
SAMEA7045357	0.23610212966219676
SRS017433	0.4866776455882578
SID8ef60baa-7ae6-11e9-a106-68b59976a384	0.46873361700425753
M0x30MCx2788	0.4336491529429791
SID010401	0.21860460815401686
SAMEA7045866	0.24887846668020872
CCIS90164298ST-4-0	0.39347711620634435
YSZC12003_35562	0.4220129539963287
MH0450	0.5523457957793184
A34_01_1FE	0.3311745860537209
f06e429e-7ae6-11e9-a106-68b59976a384	0.08259486132916091
SAMD00114749	0.3684984965462056
SID949f8068-7ae6-11e9-a106-68b59976a384	0.24856493857726297
SAMD00164829	0.4054020040341204
SID16935973_SF07	0.3623327083368021
SAMEA104142088	0.458222595475592
M0x30MCx2497	0.3789788852825906
EGAR00001420792_9002000001427580	0.5539783212250553
M0x12MCx2489	0.20505187060827518
P4E7	0.3623553757313871
EGAR00001420279_9002000001251234	0.3972836011290582
e4244a56-7ae6-11e9-a106-68b59976a384	0.3940489422351062
M0x20MCx3079	0.28000983814305114
M0x30MCx2081	0.3456810483282504
SID08I_545	0.334080191750377
PRJNA231909.3112367	0.3926135124297379
SID0013_eop	0.1901214347853364
SAMEA104142191	0.3048965336120498
EGAR00001773307_1000IBD00385	0.40254622980728677
YSZC12003_36118	0.5972164317175145
SAMD00114943	0.23613100637375078
SAMEA104142148	0.5120236932128008
HSM7CZ2H	0.3917271493782723
Travel012	0.4230001646813253
CCIS25399172ST-4-0	0.13455995359203482
A49_01_1FE	0.3784382400629276
SKST036_1_G103013	0.5015537630720535
d5d5d1f4-7ae6-11e9-a106-68b59976a384	0.15588463724265175
PNP_Main_799	0.3719624733210316
HSM7J4OB	0.4331442876213544
G69218	0.2705621140571759
M0x20MCx2793	0.3085017289613234
MH0284	0.5991216960338335
SID6de73858-7ae6-11e9-a106-68b59976a384	0.24340683188125387
M0x30MCx1415	0.42061443653752995
CA_C10035IS2605FE_t2M15	0.37731761956852927
HSM6XRRV	0.4314985323686928
PRIMM0543	0.4257526717513828
SID17353203_SF08	0.47977007246013575
HSM7CZ14	0.3114657593209304
CCMD72666896ST-11-0	0.4728295351126164
SAMEA7045953	0.3213543113020367
PNP_Main_707	0.4102779563511181
YSZC12003_35733	0.3763598479043377
SAMD00114787	0.31323826616911965
cec30ecc-7ae6-11e9-a106-68b59976a384	0.26913774871701507
SID585_4M	0.3834408830692971
MH0158	0.3317779635266271
SAMD00114992	0.4851643855935747
EGAR00001420719_9002000001410009LL	0.5374953113762925
SRR3992966	0.5588739994008072
M0x11MCx2305	0.2002699954138745
MH0422	0.4331636432340764
EGAR00001420931_9002000001462284	0.45466733981107144
SAMEA7045078	0.3662555957846264
DOF003	0.43827798337977053
G88842	0.43625879096988013
YSZC12003_37210	0.6632428532704138
SID180_4M	0.2619103066281598
SID954303dc-7ae6-11e9-a106-68b59976a384	0.19662899154605407
M01.1-V2-stool	0.49781907834659034
G78788	0.4143164638809074
EGAR00001763535_1000IBD00341	0.48978138331953364
SID250301	0.36974824728210465
SZAXPI015229-15	0.48552833540169416
MG100153	0.5335490081632649
MSM79H6N	0.5612950645820354
FMT_27_t15	0.16145450040073359
PNP_Main_145	0.4418929770965965
SID5463-4	0.3576668279949485
b1585fcc-7ae6-11e9-a106-68b59976a384	0.10351532526533753
PNP_Main_695	0.4842222945491665
SID11837804_SF06	0.40540591832263356
G80264	0.3282021066580796
SAMEA7045230	0.24732781385213082
MMRS87723283ST-27-0-0	0.5089744950379305
SAMEA4719793	0.4285960234351824
SID7313f802-7ae6-11e9-a106-68b59976a384	0.1980722665795776
EGAR00001763454_1000IBD00154	0.3933938387833974
ESM5GEZA_P	0.46909661032502964
CON-098	0.4721346705011632
PRIMM0424	0.2616613939951728
SID713A004-11-0-0	0.3052700077877506
EGAR00001763545_1000IBD00358	0.4722412186363922
M0x10MCx1396	0.16353478173880917
FMT_26_t7	0.3206196668332659
M0x20MCx2010	0.5152123342766165
P3E0	0.4296294194786704
SIDVOV75_metag	0.33648935000994085
PRIMM0365	0.39545540449320543
SID7becb004-7ae6-11e9-a106-68b59976a384	0.15071736693956403
SAMEA7045771	0.3092391399196615
SID16068286_SF05	0.4819310085554372
M0x10MCx2246	0.3422325667708217
YSZC12003_37229	0.5601215273451496
H2M514841	0.35110584729269745
SAMEA7045939	0.3688682584269237
MH0418	0.3884295199941714
M0x30MCx2197	0.24569799530691322
SAMD00115012	0.5104536484217558
MSMB4LYB	0.46940715922504317
H2M514911	0.27188394341545463
SAMEA7045435	0.26569484115600434
EGAR00001420757_9002000001420408	0.346898884675298
SAMD00165029	0.3793492393966754
SID19061811_SF05	0.5071630355115753
IT1	0.24240527250553826
MSM5LLER	0.30105679654315737
PNP_Main_238	0.34332047330913884
HSM7J4PQ	0.29718009826814507
HD-15	0.6654302916723634
TRAVELRES55	0.4674019049308946
SAMEA7045445	0.31218594587529597
c6640d30-7ae6-11e9-a106-68b59976a384	0.5329754288022983
SID958e991e-7ae6-11e9-a106-68b59976a384	0.24576721312053165
M0x30MCx1279	0.3109485207629616
EGAR00001421226_9002000001587485	0.5289213213293037
M0x13MCx2646	0.2781821828445531
C16-20211-TZ	0.34002628243075045
G80418	0.32882878320042386
N2_064_017G1	0.16024971660773113
YSZC12003_35561	0.4151912489691015
SAMEA7045826	0.3039227412491858
b49fb342-7ae6-11e9-a106-68b59976a384	0.14004332270587488
MSM9VZIS	0.45526284078039186
LD-22	0.18835289157447743
d6f267d2-7ae6-11e9-a106-68b59976a384	0.4281992396064398
CSM9X1ZC	0.45562435107100147
S50_a_WGS	0.32298347490942103
SID01H_011	0.2136176351435905
CCMD45812507ST-11-0	0.5379664115043563
MH0012	0.3662713593162776
PSMB4MC1	0.48847503415768984
SAMEA7045822	0.1737723091814388
SID19831054_SF05	0.2945570758097932
G102329	0.384328132464267
scavenger-11-392-0	0.5762986020419659
U_VS-1506-333	0.5087707186461686
HSM5MD5B	0.3433914090150036
C16-20651-TZ	0.4056814792253855
SID865d378e-7ae6-11e9-a106-68b59976a384	0.19520460862691846
SID14056552_SF08	0.2882948361745532
aefc0f58-7ae6-11e9-a106-68b59976a384	0.1876587457543862
CSM7KORK	0.4907006477090629
EGAR00001421071_9002000001510130	0.4926007058981543
M0x30MCx2131	0.15883014319831648
HD-46	0.4714278247798305
EGAR00001763583_1000IBD00444	0.5231529135494571
SAMD00114947	0.1611613250779582
SAMEA104142303	0.277459459699573
M0x10MCx1436	0.39348819326784423
W2.43.ST	0.5341360441104768
M0x30MCx3382	0.3428131278527465
c57d5f2a-7ae6-11e9-a106-68b59976a384	0.39870023727039283
SID713A052-11-0-0	0.4579465856023521
A20_03_1FE	0.3795918625817772
PNP_Main_317	0.5300027241897021
SAMD00114822	0.2551853233556835
YEZ_N-41	0.5568579849240499
YSZC12003_37314	0.4797886760790486
MH0414	0.5422400723695238
EGAR00001420304_9002000001261320	0.4132963958073563
CA_C10024IS2419FE_t5M16	0.37105358551401885
M0x12MCx3072	0.15689844181986057
MMPD45281271ST	0.22680558075090038
MH0180	0.3947107608418973
de362b3c-7ae6-11e9-a106-68b59976a384	0.2619103066281598
PSM7J1A2	0.18320291709793993
MH0371	0.5007294812396912
HSM67VF3	0.27463928070487964
EGAR00001421059_9002000001504910	0.31300344921702694
SAMD00164936	0.37786421606187875
M0x20MCx1834	0.2998908439182587
HD-2	0.4353337698553053
TZ_91827	0.3588287860884358
SAMEA104142217	0.4227665976198802
SID210304	0.25388778839672665
TRAVELRES67	0.498751906773348
PNP_Main_305	0.498262585911775
CSM67UGO	0.3507302897202241
N2_066_033G1	0.18135378601925717
HGKYWADXX_PG0662_255A0407_H1_L001	0.06612625916800369
YSZC12003_35708	0.5178657878056805
SAMEA4719790	0.2629413051052385
HSM6XRTO	0.42220581861651935
aaa460c2-7ae6-11e9-a106-68b59976a384	0.216962105260998
HMP2_J16509_M_ST_T0_B0_0120_ZOZOW1T-64_HLH73BGXX_S4	0.3287458545149511
CM_D26_M0_18	0.5503466820556142
PNP_Main_512	0.5511698273491918
SID9877c3e4-7ae6-11e9-a106-68b59976a384	0.1959567185146525
M0x30MCx2578	0.24620205394739023
M0x10MCx1864	0.3068730708655388
b0cbb25c-7ae6-11e9-a106-68b59976a384	0.06476743569249727
Sample_S25258_FMT_CC_06	0.3591603317554924
M0x11MCx2889	0.33529222360354605
PRIMM0325	0.2651720522689864
EGAR00001420439_9002000001324090	0.38337134847805343
CSM79HLG	0.43291213873968376
S552	0.4897375389221587
YSZC12003_36696	0.4955777980081006
EGAR00001421010_9002000001483515	0.3993713176537931
SAMEA7045360	0.31226082591090154
MH0005	0.3753242916390371
S2_005_007G1	0.09112914519349423
AS26raw	0.6080776247337393
PNP_Main_441	0.5537827753164883
NLF015	0.35712372112511886
Travel110	0.37555238308800604
wHAXPI033830-58	0.532441154468809
EGAR00001420367_9002000001282722LL	0.3943115521638623
CSM5MCZD	0.4515331752110427
N2_064_016G1	0.1777785684780292
HD-14	0.48316347689424144
G78706	0.37148714412174366
MM010	0.2737095181709052
CA_C10039IS2677FE_t2M16	0.3427728425305382
M0x14MCx1861	0.4947199878179443
d5f0038a-7ae6-11e9-a106-68b59976a384	0.5244870867975209
CM_D13_M0_18	0.3867445181896835
M0x20MCx1854	0.17067416926274828
SID5474-4	0.5110826987246057
PNP_Validation_83	0.5624095281230778
SAMEA7041220	0.3092635163713883
A19_03_1FE	0.16887414332702927
YEZ_N-4	0.6722374338254371
e5672d66-7ae6-11e9-a106-68b59976a384	0.3823108628151044
M0x20MCx2531	0.5055382658675548
PRIMM0353	0.36687444261504587
MH0199	0.5072170349333883
EGAR00001420526_9002000001357046	0.41743820428698586
T2D-043	0.2921765107300432
SRR3993041	0.32486967018157403
W2.35.ST	0.3403980915825821
S101_a_WGS	0.2097658500929328
PRJNA231909.3104913	0.2684248364928362
EGAR00001420862_9002000001445837	0.3172612581920671
CON-086	0.50636843710149
M0x13MCx3080	0.32902292812648193
SAMEA104142374	0.5988473300295715
G78744	0.3944881082317162
HD-68	0.5305842441600618
SAMD00114853	0.31395575669974257
G88962	0.4968544635311186
S2_017_024G1	0.20259857459735617
M0x20MCx3298	0.3267671299233291
S2_011_028G1	0.20080452539502253
EGAR00001420827_9002000001438055	0.3282743035319516
SAMEA7045129	0.2906921188612122
PRJNA231909.3111969	0.41288031244772894
G102226	0.25645207712982443
tigress-11-0-0	0.5353968246022932
EGAR00001421233_9002000001589917	0.49440735575152134
LILT_VF281_T017	0.488290744195552
DHAK_HCR	0.4296421418766067
SAMEA7041175	0.2856160571157505
NCS-008-Stool-infant_microbiome	0.4853216210213756
SID16662328_SF05	0.564989776427576
HSM5MD7U	0.3773037213052005
G69224	0.18810041680826806
H1M412809	0.33898939857675114
SID9a2821fc-7ae6-11e9-a106-68b59976a384	0.38356929735252215
CM.284_WGS	0.39884858224428726
G78688	0.3431525876127356
HSM7J4KI	0.5119937979466673
PNP_Main_642	0.3182697727660305
PNP_Main_714	0.5459827032879845
SID42_4M	0.4796010046269443
SAMEA104335952	0.5029714352119594
SID40344567_SF08	0.18971181405760754
a5ac3dd8-7ae6-11e9-a106-68b59976a384	0.5191332806300941
f1dee84a-7ae6-11e9-a106-68b59976a384	0.4448348818488883
V1.CD37-4	0.521858476033933
SAMD00115037	0.18169004660763824
CM.44_WGS	0.2033985680257727
EGAR00001420421_9002000001312311	0.5326771224368484
M0x10MCx1755	0.21256991371745143
G78817	0.13929988136349636
EGAR00001763649_1000IBD00597	0.3212185036867577
S2_016_024G1	0.2887445884043209
CCIS87252800ST-4-0	0.11047629717708371
PNP_Main_546	0.4416668707134904
S457	0.43941712804490446
M0x10MCx1746	0.19176891429513376
P7C7	0.46959624450453846
U_VS-3145-692	0.4366203449085009
TZ_76219	0.39681728096380187
SZAXPI003409-8	0.23893529927493987
M0x30MCx2851	0.43265170267981934
CCMD98198513ST-11-0	0.4574348426908626
SID7485c698-7ae6-11e9-a106-68b59976a384	0.500278333700984
SAMD00164827	0.3706499803684375
PNP_Main_335	0.5487198255328514
SID5470-3	0.6392148249679237
MSM79HFY	0.560250766856386
CM.486_WGS	0.5274005679942633
SAMEA7041198	0.2543441617677604
EGAR00001420674_9002000001397670	0.4676615252127208
SAMEA7045607	0.5229922609828521
SID10650433_SF07	0.4201183687028536
ESS-0165	0.7595363828997516
CM.47_WGS	0.4425953486663799
EGAR00001421191_9002000001564560	0.513611260915514
CON-084	0.6085587957200157
G69147	0.33760697297793585
EGAR00001420501_9002000001349877	0.5350083208739141
V1_UC32_0	0.6202510884564447
M0x10MCx3197	0.370625068865202
wHAXPI032781-50	0.5297791570199111
SAMEA7045257	0.27167423598163487
M0x13MCx2625	0.2171116522014025
SRS016585	0.37629067777789693
FAT_010-22-42-0	0.33092883945720103
M0x30MCx1607	0.35443263871275565
NO16	0.44962119273900747
SID713A026-11-90-0	0.569332270313898
G88938	0.3968545944600512
d028426e-7ae6-11e9-a106-68b59976a384	0.22983293744987965
G104619	0.09670193700718788
CCMD49942357ST-11-0	0.4494655169474614
SAMEA4719814	0.28810209430988765
SID30931909_SF07	0.41502592525977455
SRS024132	0.42123684305411907
SAMEA7045765	0.5086178827263123
MH0398	0.4205753012824511
EGAR00001421128_9002000001534285	0.5572659405443432
SID40647106_SF08	0.44916839373559414
Travel070	0.3194048611029627
M0x30MCx1722	0.3182551868304842
f441bd38-7ae6-11e9-a106-68b59976a384	0.2314770844774136
EGAR00001421194_9002000001566360	0.41586554253149155
G102237	0.5732499165765642
SID713B026-11-0-0	0.37162820046693285
PNP_Main_513	0.6080739148214698
EGAR00001420341_9002000001273957	0.2732666077766845
CM.253_WGS	0.1826077615580867
EGAR00001420171_9002000001208583	0.4846884032926945
SAMEA7045677	0.2751231116699357
C16-20373-TZ	0.35843216465861666
V1.FI09	0.3511978524818097
M0x10MCx2725	0.30993930136651343
CM_D33_I1_18	0.2656263168051289
CSM9X23N	0.4166792160694449
SRR3992976	0.39670330021697725
G80570	0.3523322871562031
SID936ab83e-7ae6-11e9-a106-68b59976a384	0.1794164216071275
G80477	0.3645050779286499
MH0062	0.35176864185172035
ESM5GEYU_P	0.3247583228251449
LD-76	0.33473921639673726
HSM7J4HG	0.27189585941846206
M1.25.ST	0.35487302912844054
DHAK_HCB	0.36903384855403554
S2_002_027G1	0.24924669892737059
CM_A04_I1_18	0.16887536801762926
SID71705246_SF05	0.3597954716326966
DHAK_HDB	0.34255167649893264
f3de3c90-7ae6-11e9-a106-68b59976a384	0.06347146636349454
SAMD00164804	0.18286501478541417
SID181_B	0.1451273079186805
SRS011271	0.5415347246482729
CSM7KOPO	0.4437247615205469
V1_CD36_0	0.5657505783688602
G80324	0.3686963155433909
CON-010	0.44916670426498695
PSM7J1BR	0.4070716485620099
SAMEA7045645	0.3660334602511897
PNP_Main_630	0.30570026483870244
M0x20MCx1620	0.3890178865000833
p8816_mo2	0.10267584345932619
SID19061811_SF06	0.5348006440419335
CRC_MR_SBJ60H_17	0.4396397527241726
M0x12MCx1519	0.25832383042408924
CM.232_WGS	0.1685266416215634
M0x20MCx1376	0.40528844045529033
EGAR00001421190_9002000001564382	0.36001161962062606
V1_CD42_0	0.5728035841904425
MH0369	0.37481300286811375
H1M513804	0.32314290877211266
SAMEA7045087	0.3406968235695438
NO01	0.322892318481973
SAMEA104142468	0.36902972781425536
HD-55	0.4639343426434802
YSZC12003_35636	0.41765974522571886
HSM7J4PA	0.4914561635898278
PNP_Main_786	0.3225711333212507
HSMA33OZ	0.42367764528248464
p8712_mo9	0.45975147850794956
MH0093	0.3837878130893875
EGAR00001420638_9002000001391070	0.40156349601245617
EGAR00001763671_1000IBD00633	0.36498776240517306
PNP_Main_5	0.5168632161441579
PNP_Validation_4	0.23785310902225254
CM.162_WGS	0.4761809525559526
EGAR00001420165_9002000001206696	0.24476894308778488
N2_088_034G1	0.1763060265769251
EGAR00001420786_9002000001426386LL	0.22145888611861891
MG100199	0.23247735778498532
SID12112483_SF07	0.4555001108059757
HSM6XRTM	0.3439957710021111
HSM67VFH	0.3907902087477146
M0x30MCx2438	0.30675053420244147
YSZC12003_37233	0.48866716702259944
MH0287	0.4388930747510429
SID713A066-11-90-0	0.2966072205147362
SAMEA7045699	0.313901834001813
CSM5YRY7_P	0.3783479720369158
MMPD56131850ST	0.520355834311594
d608868a-7ae6-11e9-a106-68b59976a384	0.1816543939909678
G78900	0.3522901960401808
PRIMM0411	0.49237862270620475
SAMEA104142339	0.375001457446494
HMP2_J09104_M_ST_T0_B0_0120_ZM7JY3G-05_H7FHFBGXX_S36	0.3927751603066844
MSM5LLI4_P	0.35491790992344174
EGAR00001420841_9002000001440830	0.47204310175817726
G80371	0.45165386872808255
WL.36.ST	0.5529579586314651
JAS_8	0.33147272244284376
SAMEA7041270	0.22093599670866998
S2_017_014G1	0.11013634248761792
CSM7KOKJ	0.46312920404550634
MH0400	0.40929880988332473
M0x10MCx1784	0.45954607921248825
V1.UC59-0	0.4935008022883029
M_C117	0.5510809885508594
SID50530888_SF08	0.5345731632673627
G88857	0.5773624584775682
EGAR00001420227_9002000001231376	0.22376214046301868
b87f4392-7ae6-11e9-a106-68b59976a384	0.07972031374121952
MSM5FZA2_P	0.33923556523965764
CON-008	0.5892312299941541
M0x20MCx2362	0.11504710648976996
Sample_S25255_FMT_CC_03	0.303660540647806
CSM79HNU	0.27909373063890736
EGAR00001421101_9002000001525642	0.3395666336161679
G102339	0.44466217319089585
SID157_M	0.5925731333484144
e2d0071c-7ae6-11e9-a106-68b59976a384	0.41609674631684934
SID587_B	0.30223089682430737
EGAR00001420150_9002000001196698	0.3646579323606753
SAMEA7041226	0.22119442175861437
G89056	0.4145473877753611
SKST010_6_G103004	0.5060555626208787
CCIS41548810ST-4-0	0.25195245677763334
p8649_mo3	0.47532066326169903
HMP2_J00856_M_ST_T0_B0_0120_ZKVR426-01_HA986ADXX	0.2859431258987687
S2_009_017G1	0.31576229416956936
M0x10MCx1441	0.48579744228398414
SID66b52748-7ae6-11e9-a106-68b59976a384	0.19629394002770584
G78903	0.14674659776149995
HSM6XRTA_P	0.3700015529176271
HSM7CYYV_P	0.41845450540410556
EGAR00001763693_1000IBD00688	0.474298814933066
SAMD00114929	0.5444646377890922
SID080301	0.2758031396735998
SID15487950_SF06	0.29182824871807334
MH0393	0.2577716844836671
TRAVELRES35	0.41143893005600307
DLM009	0.28430810125734945
EGAR00001763701_1000IBD00698	0.3346729890574799
c0855176-7ae6-11e9-a106-68b59976a384	0.3104288991140127
M0x20MCx2377	0.3314556624762976
ESM5MEE6_P	0.5598149600788234
DOM022	0.1316768986792396
CM.208_WGS	0.5462201155132272
SAMEA7045260	0.16596392551339134
N2_031_016G1	0.2339669617982185
p8646_mo4	0.411388875208146
HMP2_J16516_M_ST_T0_B0_0120_ZOZOW1T-83_HLH73BGXX_S11	0.27726120838215046
EGAR00001420870_9002000001447564	0.3284361245939769
M0x20MCx3262	0.46092463216889984
EGAR00001763473_1000IBD00197	0.2622766914546894
M0x10MCx2279	0.3971885415354978
ef353f22-7ae6-11e9-a106-68b59976a384	0.110245314846256
CSM67UAS	0.20774429319820786
M0x30MCx1451	0.5593436829826277
SID39.TO.VG	0.438231322952513
EGAR00001763441_1000IBD00128	0.31927334780191075
SID11275441_SF07	0.5091174385794048
M0x30MCx3366	0.3697026986528395
SAM_32	0.4405701002365586
EGAR00001421054_9002000001503538	0.5022032879482092
SID9da7328c-7ae6-11e9-a106-68b59976a384	0.08901502688516758
M0x10MCx1414	0.2892019083268385
HSM5MD7K	0.3910535047702398
LD-91	0.3523522926769178
SAMEA7045549	0.32409255729192643
N2_031_027G1	0.35027786356801255
G89059	0.43028757877375007
SID6809b370-7ae6-11e9-a106-68b59976a384	0.2349079194039625
CSM67UDR	0.4169977293094297
EGAR00001420651_9002000001392958	0.4982980421699915
SID13530241_SF08	0.4519597174996713
SAMD00164869	0.17711663710363862
CCIS37250421ST-4-0	0.3625421414673656
SAMEA7041237	0.2997364635404931
HMP2_J15238_M_ST_T0_B0_0120_ZW61YGW-02_BHLVVGADXX	0.3069302446082727
PNP_Main_525	0.382785135209866
daisy-11-392-0	0.4882760195929411
PRIMM0068	0.41977440294447743
CA_C10006IS2095FE_t4M15	0.5272326158290849
SID19113791_SF05	0.4097570259165602
G80539	0.44149029448751786
SID572_M	0.42615584102377096
M0x10MCx2594	0.3238508064761334
SRS049164	0.5396154190385871
YSZC12003_37332	0.6508090630021793
SID12542142_SF07	0.40167138827668525
SAMEA7045638	0.49376045586196216
SAMEA7045881	0.4105573233361539
SAMEA104142338	0.5335326384134117
EGAR00001420393_9002000001296441	0.49620032414485943
Travel128	0.3544271376540458
H1M413815	0.4524840094293825
PNP_Main_1	0.5501902611839976
SAMEA7045378	0.2679246353520242
SID14056552_SF07	0.3227439411063952
N2_088_010G1	0.17661448065544638
SRS064557	0.38309157267180655
LILT_VF107_16	0.059773836617766266
SID5417-4	0.16262621390757498
bf51b240-7ae6-11e9-a106-68b59976a384	0.1304950351568331
b127ba66-7ae6-11e9-a106-68b59976a384	0.22419298483255262
W1.26.ST	0.4883254289055798
SID31112	0.2313138763471206
SID31557	0.326642643263028
M0x20MCx1198	0.2803134721924787
T2D-100	0.22173685214032446
nHM512802	0.4165823882097019
SID50694555_SF07	0.4278595257377484
MSMA26DO	0.4797218933448219
M0x12MCx3113	0.19039227574572784
SAMD00164943	0.4929751162448925
A45_02_1FE	0.2714183287512931
PNP_Main_593	0.3510385389539825
SAMEA7045663	0.2999787759466752
SAMD00114826	0.12143746064556275
CSM79HID	0.3938427994951303
wHAXPI033828-50	0.4738332441147381
CSMA8M9R	0.3486398679785298
SID10306807_SF05	0.203270538989319
LILT_VF06_16	0.38626162121508206
SAMEA7045898	0.3742138018526978
M2.63.ST	0.4535869888458352
CSM79HGH_P	0.4919473906050939
N2_039_044G1	0.21717776059614177
Ahn.Mel35	0.43124079687460637
SAMD00114783	0.5101277840520192
EGAR00001421211_9002000001576552	0.4311393279557524
HSM6XRSI	0.18381517358242122
CM.403_WGS	0.44004766177452675
a1dbd178-7ae6-11e9-a106-68b59976a384	0.2142982610609376
c7e61c98-7ae6-11e9-a106-68b59976a384	0.13457499991925795
SAMD00114817	0.29937050452945857
AS62_6	0.3314499469667692
MH0124	0.41465197157832606
p8775_mo11	0.3790102432791628
c7ff7030-7ae6-11e9-a106-68b59976a384	0.2924466984171344
SAMEA7045786	0.24251965368457132
dbeb2c2e-7ae6-11e9-a106-68b59976a384	0.4668238079091817
T2D-078	0.2412136926827289
b3c1d9e6-7ae6-11e9-a106-68b59976a384	0.3884703893634647
SAMEA7041234	0.26316786454494323
HSM7CYX8	0.45184731277523343
S231	0.4762058598216415
CCIS21126322ST-4-0	0.5404825432326933
DHAK_HAI	0.6671779983763696
G80379	0.4799409246568992
G80523	0.37562119366508706
G88998	0.32875204363782984
CM.55_WGS	0.20530714467016797
ed3d4174-7ae6-11e9-a106-68b59976a384	0.19337219622353488
SID19383868_SF05	0.4500389024339258
SAMEA7045203	0.42768941150395373
PNP_Validation_45	0.5120935368388075
M0x10MCx2583	0.4774736355106969
M0x30MCx2920	0.3673998844676165
SID713A009-11-0-0	0.4907565279412545
LD-79	0.0745440435399522
CON-081	0.5748716249046233
HMP2_J08168_M_ST_T0_B0_0120_ZVNCGHM-6012_HCG2MBGXX_S21	0.4099867177824175
EGAR00001420409_9002000001303715	0.4709467721269808
SRR3992975	0.41497972432106406
CM.70_WGS	0.2811505691671053
S2_002_011G1	0.17534852772698392
AS51_24	0.3530489922217653
EGAR00001420835_9002000001439526	0.3907320198275892
SAMEA7045317	0.25155481844854144
SAMEA7045781	0.34982658424297564
M0x10MCx2424	0.47140773697210764
SAMEA104142405	0.45109898788785396
S2_014_007G1	0.32552245509968736
G78878	0.3718020310996948
PNP_Main_307	0.5226153007621306
wHAXPI032597-41	0.6577132242409902
G80404	0.33848700975112966
LILT_VF174_T017	0.43944422778873843
M0x10MCx3153	0.26859226393584135
NLM028	0.553595851306983
HMP2_J05447_M_ST_T0_B0_0120_ZK4CK8Y-01_HBB8WADXX	0.2628872763192692
SAMEA7045834	0.35732843597236497
G78772	0.2008102677503288
SAMEA7045454	0.16025336257875764
G78757	0.24706309890531575
WL.17.ST	0.5481503654176689
M0x11MCx2302	0.3271141548482703
M0x10MCx1530	0.13037305845611505
SAMEA104142110	0.6733925170268366
bb0acdc0-7ae6-11e9-a106-68b59976a384	0.44712072310083933
SAMD00164980	0.38070284584216046
SID08I_170	0.43305104373179515
G89085	0.3839964912026742
cfbf8828-7ae6-11e9-a106-68b59976a384	0.44089304232635573
S2_006_007G1	0.20567862468874476
SAMD00115048	0.22048989068593078
PSMA267R	0.4087165080666372
SAMD00114985	0.11652689760757584
N2_071_017G1	0.22657577441827745
EGAR00001420135_9002000001187358	0.4263880323545885
SAMEA7045661	0.29461467154202736
EGAR00001420603_9002000001381790	0.4052853264864013
EGAR00001763374_1000IBD00014	0.39708989750457846
MSM7J16N	0.27572411919706974
SAMD00164808	0.45318339859960444
SID9466ca66-7ae6-11e9-a106-68b59976a384	0.2628304965817426
G102198	0.06577873968640997
HMP2_J09112_M_ST_T0_B0_0120_ZK4CK8Y-05_H7FHFBGXX_S44	0.25321756895060415
Travel058	0.3628894121654805
G89060	0.46847369090006186
M0x10MCx1985	0.3660934931907032
SID241_4M	0.47402780474200207
SID224_B	0.19195536450497777
cd5b16c4-7ae6-11e9-a106-68b59976a384	0.2727275480777768
G78612	0.6366292509992403
d0d43e70-7ae6-11e9-a106-68b59976a384	0.4408511169586069
CSM5MCVZ_P	0.41722349547805065
SAMEA7041269	0.38405011015842827
G69157	0.35853361320213556
EGAR00001763423_1000IBD00100	0.3771520614062727
CCMD86114146ST-21-0	0.37646454888618713
M0x10MCx2147	0.6431254539027589
SID5412-2	0.4173270472722289
EGAR00001420498_9002000001348870	0.4943066361558501
PNP_Main_135	0.4125253035521404
M0x30MCx2015	0.3406409756828437
G89124	0.3916185787887026
SAMEA7045344	0.3557967334893455
AS123raw	0.456223142645405
PRIMM0610	0.46151777880455674
M0x30MCx1792	0.3945346882100829
C16-20005-GH	0.5302227639176318
SID70616749_SF05	0.31843893447471494
CA_C10020IS2347FE_t4M15	0.30778864480461665
SAMD00114895	0.5542109744701239
EGAR00001420829_9002000001438430	0.41857606751981874
SID65f7e78c-7ae6-11e9-a106-68b59976a384	0.15288780416491443
MH0379	0.4069745539870489
SAMD00165005	0.08672236682765688
SAMEA7041170	0.5570592922000369
HMP2_J05422_M_ST_T0_B0_0120_ZLZNCLZ-1012_HBB8WADXX	0.339418542997063
PNP_Main_116	0.4235432310208605
PNP_Main_752	0.23881321398132271
SAMD00114910	0.2892701733588043
ESM5MEB7	0.3779604686885474
SAMEA4719771	0.42990749643651666
MH0310	0.5587057257095618
CSM6J2H9_P	0.7441710226283267
SID11275441_SF08	0.3632970525615369
Travel117	0.6164735107937235
SID17841344_SF08	0.5148488541675214
O2_UC16_2	0.36383272631057456
d48d77a2-7ae6-11e9-a106-68b59976a384	0.32589269590860503
YSZC12003_37209	0.3797374768179027
EGAR00001420122_9002000001179481	0.33203863410920226
a622098c-7ae6-11e9-a106-68b59976a384	0.5830926868197036
EGAR00001420312_9002000001263816	0.2210751811462428
EGAR00001763677_1000IBD00646	0.45376760814934886
M0x20MCx3126	0.45321970345016427
M0x20MCx3299	0.25370485536822746
CSM79HI3	0.28500452819219174
M0x20MCx1825	0.36567342542519216
SID18706034_SF07	0.5256147281688746
C16-20649-TZ	0.3376424821263269
LD-Run2-08	0.1611602955575883
Travel042	0.42403961264383755
FAT_DON_11-22-0-4	0.5468498408440766
CM.176_WGS	0.1780180159127304
PSMA2668	0.2072752681561835
M0x20MCx1921	0.5305352139463154
M0x11MCx2191	0.3871361473552179
SZAXPI015244-32	0.5182250170509547
HSM7J4P2	0.357572740963258
SAMEA7045352	0.3037714157447434
e1b91e2c-7ae6-11e9-a106-68b59976a384	0.19886446169882396
PNP_Main_398	0.33403233848829206
EGAR00001763642_1000IBD00583	0.17004604803371584
daisy-11-60-0	0.5073333700763463
wHAXPI032812-63	0.505298886741502
SID70636351_SF08	0.3457945792640567
SAMEA7041173	0.3137681826698448
SID250702	0.1700433030735698
SID17230157_SF08	0.46853908389193016
SID13787854_SF08	0.3620123712909871
OBK3587	0.3012021803290345
Sample_S25231_FMT_03_t30	0.1136255346524942
M0x11MCx1758	0.4032494736552825
OBK2878	0.4005611831756328
G80447	0.41941627878889226
SRR3992971	0.288801395004337
EGAR00001420672_9002000001397355	0.2405410367275328
EGAR00001420868_9002000001447100	0.41315815181322196
SID40572400_SF07	0.5046796392373469
ESS-0561	0.4778327791892202
G88774	0.48744574686487446
LD-36	0.15452357428588695
wHAXPI032615-25	0.4106243600166852
SID9_B	0.18738424453744232
M2.60.ST	0.3811440667214494
SID70488374_SF08	0.4511068007094812
SID5448-2	0.36075097373599085
T2D-063	0.29830343275311655
EGAR00001420610_9002000001383730	0.31602604654236194
nHM511615	0.32650968284188714
C16-20347-TZ	0.47354235511177356
p8775_mo4	0.36769926805152936
EGAR00001420325_9002000001268812	0.457228706421834
SAMEA104142301	0.07591547290228505
YSZC12003_37545	0.5770857874451157
SAMD00164921	0.38205524111950023
CCIS08668806ST-3-0	0.235514491883347
HSM7J4HW	0.35860346832364104
M0x10MCx3273	0.3354390149984169
Travel005	0.41292550812269363
EGAR00001773321_1000IBD00605	0.3517603310004113
SAMD00114941	0.23280163187230302
AS133raw	0.7313753576093773
SID5438-1	0.2922975811762238
S18_a_WGS	0.3542526333864803
MMRS72980899ST-27-0-0	0.10029853756160535
SRS022071	0.4303295799515783
EGAR00001421123_9002000001532389	0.5112960940994319
G89146	0.5163378795979418
CSM5FZ3V_P	0.36594269938763463
G78798	0.4911399397738978
SAMEA7045500	0.19701564872387436
donald5-11-7-0	0.4799574251259188
SAMD00114865	0.46732531062610955
PNP_Validation_52	0.4991645064219144
SID385_4M	0.3419338421035165
M0x20MCx2344	0.3900800041122769
M0x20MCx1695	0.20629997946867643
DLM007	0.15307117533469985
M0x11MCx2847	0.1608117873489994
LD-8	0.3450946765579352
EGAR00001763579_1000IBD00431	0.5018878996425028
A39_04_1FE	0.21585125563793336
PNP_Main_354	0.5716016864578615
SID13241014_SF06	0.33749130106197106
M0x14MCx3410	0.3700849010998128
afca14ca-7ae6-11e9-a106-68b59976a384	0.21233088297279407
SAMD00164836	0.29512947921644206
